energy low [eV],energy high [eV],energy mid [eV],mean,std. dev.
0.001,0.0010470399110535467,0.0010235199555267732,0.0,0.0
0.0010470399110535467,0.0010962925753390188,0.0010716662431962828,0.0,0.0
0.0010962925753390188,0.0011478620805716298,0.0011220773279553243,0.0,0.0
0.0011478620805716298,0.001201857410743458,0.0011748597456575438,0.0,0.0
0.001201857410743458,0.0012583926764438763,0.0012301250435936672,0.0,0.0
0.0012583926764438763,0.0013175873560142307,0.0012879900162290534,0.0,0.0
0.0013175873560142307,0.0013795665480464177,0.0013485769520303241,0.0,0.0
0.0013795665480464177,0.0014444612357589696,0.0014120138919026938,0.0,0.0
0.0014444612357589696,0.0015124085638093675,0.0014784348997841684,0.0,0.0
0.0015124085638093675,0.0015835521281275823,0.0015479803459684748,0.0,0.0
0.0015835521281275823,0.0016580422793833582,0.0016207972037554702,0.0,0.0
0.0016580422793833582,0.0017360364407285694,0.0016970393600559638,0.0,0.0
0.0017360364407285694,0.0018176994404861568,0.001776867940607363,0.0,0.0
0.0018176994404861568,0.001903203860488707,0.0018604516504874319,0.0,0.0
0.001903203860488707,0.0019927304008028625,0.0019479671306457847,0.0,0.0
0.0019927304008028625,0.0020864682616103273,0.0020395993312065947,0.0,0.0
0.0020864682616103273,0.0021846155430525253,0.002135541902331426,0.0,0.0
0.0021846155430525253,0.0022873796638839114,0.002235997603468218,0.0,0.0
0.0022873796638839114,0.0023949777998187017,0.0023411787318513063,0.0,0.0
0.0023949777998187017,0.0025076373424973925,0.002451307571158047,0.0,0.0
0.0025076373424973925,0.002625596380043022,0.002566616861270207,0.0,0.0
0.002625596380043022,0.0027491042002227594,0.0026873502901328906,0.0,0.0
0.0027491042002227594,0.0028784218172781696,0.0028137630087504643,0.0,0.0
0.0028784218172781696,0.0030138225235375226,0.002946122170407846,0.0,0.0
0.0030138225235375226,0.003155592466975903,0.0030847074952567127,0.0,0.0
0.003155592466975903,0.003304031255943691,0.0032298118614597967,0.0,0.0
0.003304031255943691,0.0034594525923414203,0.0033817419241425556,0.0,0.0
0.0034594525923414203,0.0036221849345791216,0.003540818763460271,0.0,0.0
0.0036221849345791216,0.00379257219172122,0.003707378563150171,0.0,0.0
0.00379257219172122,0.003970974450283936,0.0038817733210025785,0.0,0.0
0.003970974450283936,0.004157768735221199,0.004064371592752568,0.0,0.0
0.004157768735221199,0.004353349806707221,0.00425555927096421,0.0,0.0
0.004353349806707221,0.004558130994399704,0.0044557404005534625,0.0,0.0
0.004558130994399704,0.0047725450709466795,0.004665338032673192,0.0,0.0
0.0047725450709466795,0.004997045166583053,0.004884795118764867,0.0,0.0
0.004997045166583053,0.005232105726749675,0.005114575446666364,0.0,0.0
0.005232105726749675,0.005478223514758732,0.005355164620754204,0.0,0.0
0.005478223514758732,0.00573591866162443,0.005607071088191581,0.0,0.0
0.00573591866162443,0.0060057357652776215,0.005870827213451026,0.0,0.0
0.0060057357652776215,0.006288245041487384,0.0061469904033825025,0.0,0.0
0.006288245041487384,0.006584043528921856,0.00643614428520462,0.0,0.0
0.006584043528921856,0.00689375635089502,0.006738899939908438,0.0,0.0
0.00689375635089502,0.0072180380364659435,0.007055897193680482,0.0,0.0
0.0072180380364659435,0.007557573903682418,0.007387805970074181,0.0,0.0
0.007557573903682418,0.007913081507892243,0.00773532770578733,0.0,0.0
0.007913081507892243,0.00828531215818296,0.0080991968330376,0.0,0.0
0.00828531215818296,0.008675052505154754,0.008480182331668857,0.0,0.0
0.008675052505154754,0.00908312620338208,0.008879089354268416,0.0,0.0
0.00908312620338208,0.009510395652077312,0.009296760927729696,0.0,0.0
0.009510395652077312,0.009957763817635065,0.00973407973485619,0.0,0.0
0.009957763817635065,0.010426176141908838,0.010191969979771951,0.0,0.0
0.010426176141908838,0.01091662254025284,0.010671399341080839,0.0,0.0
0.01091662254025284,0.011430139493551475,0.011173381016902156,0.0,0.0
0.011430139493551475,0.011967812238657767,0.01169897586610462,0.0,0.0
0.011967812238657767,0.012530777061869775,0.01224929465026377,0.0,0.0
0.012530777061869775,0.01312022370029195,0.012825500381080861,0.0,0.0
0.01312022370029195,0.013737397856156318,0.013428810778224134,0.0,0.0
0.013737397856156318,0.014383603829417092,0.014060500842786705,0.0,0.0
0.014383603829417092,0.015060207274182318,0.014721905551799705,0.0,0.0
0.015060207274182318,0.01576863808480783,0.015414422679495074,0.0,0.0
0.01576863808480783,0.016510393417752758,0.016139515751280295,0.0,0.0
0.016510393417752758,0.017287040855582907,0.01689871713666783,0.0,0.0
0.017287040855582907,0.018100221719808556,0.01769363128769573,0.0,0.0
0.018100221719808556,0.01895165453955782,0.018525938129683187,0.0,0.0
0.01895165453955782,0.019843138683416164,0.01939739661148699,0.0,0.0
0.019843138683416164,0.020776558162107252,0.020309848422761706,0.0,0.0
0.020776558162107252,0.021753885610051614,0.021265221886079433,0.0,0.0
0.021753885610051614,0.02277718645421747,0.02226553603213454,0.0,0.0
0.02277718645421747,0.023848623279073906,0.023312904866645688,0.0,0.0
0.023848623279073906,0.02497046039687107,0.02440954183797249,0.0,0.0
0.02497046039687107,0.026145068632905992,0.02555776451488853,0.0,0.0
0.026145068632905992,0.02737493033588676,0.026759999484396377,0.0,0.0
0.02737493033588676,0.02866264462398391,0.028018787479935338,0.0,0.0
0.02866264462398391,0.03001093287765553,0.02933678875081972,0.0,0.0
0.03001093287765553,0.031422644490854405,0.030716788684254967,0.0,0.0
0.031422644490854405,0.03290076289277141,0.03216170369181291,0.0,0.0
0.03290076289277141,0.034448411852841206,0.033674587372806306,0.0,0.0
0.034448411852841206,0.0360688620823348,0.035258636967588006,0.0,0.0
0.0360688620823348,0.03776553814649047,0.03691720011441263,0.0,0.0
0.03776553814649047,0.039542025701790676,0.03865378192414057,0.0,0.0
0.039542025701790676,0.041402079073679966,0.040472052387735324,0.0,0.0
0.041402079073679966,0.04334962919073777,0.04237585413220887,0.0,0.0
0.04334962919073777,0.04538879189207431,0.04436921054140604,0.0,0.0
0.04538879189207431,0.04752387662550542,0.046456334258789866,0.0,0.0
0.04752387662550542,0.04975939555488892,0.04864163609019717,0.0,0.0
0.04975939555488892,0.052100073095869136,0.05092973432537903,0.0,0.0
0.052100073095869136,0.05455085590018209,0.05332546449802561,0.0,0.0
0.05455085590018209,0.057116923309621495,0.05583388960490179,0.0,0.0
0.057116923309621495,0.059803698301758336,0.05846031080568992,0.0,0.0
0.059803698301758336,0.06261685895054618,0.06121027862615226,0.0,0.0
0.06261685895054618,0.06556235042603231,0.06408960468828925,0.0,0.0
0.06556235042603231,0.06864639755853433,0.06710437399228332,0.0,0.0
0.06864639755853433,0.07187551799383418,0.07026095777618425,0.0,0.0
0.07187551799383418,0.07525653596719173,0.07356602698051296,0.0,0.0
0.07525653596719173,0.07879659672528647,0.0770265663462391,0.0,0.0
0.07879659672528647,0.08250318162656611,0.08064988917592629,0.0,0.0
0.08250318162656611,0.08638412395191439,0.08444365278924025,0.0,0.0
0.08638412395191439,0.090447625459051,0.08841587470548269,0.0,0.0
0.090447625459051,0.09470227371564925,0.09257494958735013,0.0,0.0
0.09470227371564925,0.099157060247802,0.09692966698172563,0.0,0.0
0.099157060247802,0.10382139954218973,0.10148922989499587,0.0,0.0
0.10382139954218973,0.10870514894210906,0.1062632742421494,0.0,0.0
0.10870514894210906,0.1138186294794084,0.11126188921075873,0.0,0.0
0.1138186294794084,0.11917264768635635,0.11649563858288238,0.0,0.0
0.11917264768635635,0.1247785184335382,0.12197558305994727,0.0,0.0
0.1247785184335382,0.13064808884204515,0.12771330363779168,0.0,0.0
0.13064808884204515,0.1367937633204908,0.13372092608126798,0.0,0.0
0.1367937633204908,0.1432285297797666,0.1400111465501287,0.0,0.0
0.1432285297797666,0.14996598708093709,0.14659725843035185,0.0,0.0
0.14996598708093709,0.15702037377428169,0.1534931804276094,0.0,0.0
0.15702037377428169,0.16440659819021855,0.1607134859822501,0.0,0.0
0.16440659819021855,0.1721402699457026,0.16827343406796058,0.0,0.0
0.1721402699457026,0.18023773293268194,0.17618900143919228,0.0,0.0
0.18023773293268194,0.1887160998583282,0.18447691639550506,0.0,0.0
0.1887160998583282,0.19759328841003618,0.19315469413418218,0.0,0.0
0.19759328841003618,0.20688805912162206,0.2022406737658291,0.0,0.0
0.20688805912162206,0.21662005502074405,0.21175405707118305,0.0,0.0
0.21662005502074405,0.226809843141334,0.22171494908103903,0.0,0.0
0.226809843141334,0.2374789579887712,0.2321444005650526,0.0,0.0
0.2374789579887712,0.24864994704965193,0.24306445251921155,0.0,0.0
0.24864994704965193,0.26034641844233664,0.2544981827459943,0.0,0.0
0.26034641844233664,0.2725930908089736,0.26646975462565514,0.0,0.0
0.2725930908089736,0.28541584555443905,0.2790044681817063,0.0,0.0
0.28541584555443905,0.29884178154259267,0.29212881354851583,0.0,0.0
0.29884178154259267,0.31289927236543963,0.3058705269540162,0.0,0.0
0.31289927236543963,0.3276180263062294,0.3202586493358345,0.0,0.0
0.3276180263062294,0.34302914912321286,0.33532358771472115,0.0,0.0
0.34302914912321286,0.3591652097867426,0.35109717945497776,0.0,0.0
0.3591652097867426,0.3760603093086394,0.367612759547691,0.0,0.0
0.3760603093086394,0.393750152809287,0.3849052310589632,0.0,0.0
0.393750152809287,0.41227212497475624,0.4030111388920216,0.0,0.0
0.41227212497475624,0.4316653690634254,0.4219687470190908,0.0,0.0
0.4316653690634254,0.4519708696290653,0.4418181193462454,0.0,0.0
0.4519708696290653,0.47323153913521065,0.462601204382138,0.0,0.0
0.47323153913521065,0.49549230864386395,0.4843619238895373,0.0,0.0
0.49549230864386395,0.5188002227701878,0.5071462657070258,0.0,0.0
0.5188002227701878,0.5432045391038576,0.5310023809370227,0.0,0.0
0.5432045391038576,0.5687568323071858,0.5559806857055216,0.0,0.0
0.5687568323071858,0.5955111031100121,0.5821339677085989,0.0,0.0
0.5955111031100121,0.6235238924317065,0.6095174977708593,0.0,0.0
0.6235238924317065,0.6528544008714552,0.6381891466515808,0.0,0.0
0.6528544008714552,0.6835646138193648,0.66820950734541,0.0,0.0
0.6835646138193648,0.7157194324527797,0.6996420231360723,0.0,0.0
0.7157194324527797,0.7493868108946533,0.7325531216737164,0.0,0.0
0.7493868108946533,0.7846378998238388,0.7670123553592461,0.0,0.0
0.7846378998238388,0.8215471968407938,0.8030925483323164,0.0,0.0
0.8215471968407938,0.8601927039064753,0.8408699503736345,0.0,0.0
0.8601927039064753,0.9006560921871456,0.8804243980468105,0.0,0.0
0.9006560921871456,0.9430228746534638,0.9218394834203048,0.0,0.0
0.9430228746534638,0.9873825867986226,0.9652027307260431,0.0,0.0
0.9873825867986226,1.0338289758574506,1.0106057813280365,0.0,0.0
1.0338289758574506,1.0824601989263642,1.0581445873919075,0.0,0.0
1.0824601989263642,1.1333790304028648,1.1079196146646146,0.0,0.0
1.1333790304028648,1.1866930791829704,1.1600360547929176,0.0,0.0
1.1866930791829704,1.2425150160755967,1.2146040476292836,0.0,0.0
1.2425150160755967,1.3009628119144887,1.2717389139950428,0.0,0.0
1.3009628119144887,1.3621599868709182,1.3315613993927036,0.0,0.0
1.3621599868709182,1.4262358714940264,1.3941979291824724,0.0,0.0
1.4262358714940264,1.493325880030483,1.4597808757622546,0.0,0.0
1.493325880030483,1.5635717966010745,1.5284488383157786,0.0,0.0
1.5635717966010745,1.6371220748390232,1.6003469357200488,0.0,0.0
1.6371220748390232,1.7141321516232484,1.6756271132311358,0.0,0.0
1.7141321516232484,1.7947647755696305,1.7544484635964395,0.0,0.0
1.7947647755696305,1.8791903509744645,1.8369775632720475,0.0,0.0
1.8791903509744645,1.9675872979369864,1.9233888244557256,0.0,0.0
1.9675872979369864,2.0601424294220303,2.0138648636795082,0.0,0.0
2.0601424294220303,2.15705134605968,2.1085968877408554,0.0,0.0
2.15705134605968,2.2585188495162605,2.20778509778797,0.0,0.0
2.2585188495162605,2.3647593753102636,2.3116391124132623,0.0,0.0
2.3647593753102636,2.4759974459878986,2.4203784106490813,0.0,0.0
2.4759974459878986,2.592468145615978,2.5342327958019384,0.0,0.0
2.592468145615978,2.7144176165949068,2.6534428811054425,0.0,0.0
2.7144176165949068,2.842103579841711,2.778260598218309,0.0,0.0
2.842103579841711,2.9757958794424315,2.908949729642071,0.0,0.0
2.9757958794424315,3.1157770529249142,3.0457864661836727,0.0,0.0
3.1157770529249142,3.2623429283571834,3.1890599906410486,0.0,0.0
3.2623429283571834,3.415803249533272,3.339073088945228,0.0,0.0
3.415803249533272,3.5764823305677327,3.496142790050502,0.0,0.0
3.5764823305677327,3.74471974128222,3.6606010359249765,0.0,0.0
3.74471974128222,3.920871024832596,3.832795383057408,0.0,0.0
3.920871024832596,4.105308449093149,4.013089736962873,0.0,0.0
4.105308449093149,4.2984217933858595,4.201865121239504,0.0,0.0
4.2984217933858595,4.500619172217357,4.399520482801608,0.0,0.0
4.500619172217357,4.712327897764348,4.606473534990853,0.0,0.0
4.712327897764348,4.93399538293033,4.8231616403473385,1e-05,1e-05
4.93399538293033,5.166090086881981,5.050042734906155,0.0,0.0
5.166090086881981,5.409102505063519,5.28759629597275,0.0,0.0
5.409102505063519,5.663546205781223,5.536324355422371,0.0,0.0
5.663546205781223,5.9299589155488235,5.796752560665023,0.0,0.0
5.9299589155488235,6.2089036554874255,6.0694312855181245,0.0,0.0
6.2089036554874255,6.5009699311815945,6.35493679333451,0.0,0.0
6.5009699311815945,6.806774978506158,6.653872454843876,1e-05,1e-05
6.806774978506158,7.1269650680565935,6.966870023281375,0.0,0.0
7.1269650680565935,7.462216870939709,7.2945909694981514,0.0,0.0
7.462216870939709,7.8132388888109885,7.637727879875349,1e-05,1e-05
7.8132388888109885,8.180772951180769,7.997005919995878,1e-05,1e-05
8.180772951180769,8.565595783153572,8.37318436716717,0.0,0.0
8.565595783153572,8.96852064691375,8.76705821503366,0.0,0.0
8.96852064691375,9.39039906042647,9.17945985367011,1e-05,1e-05
9.39039906042647,9.832122596986238,9.611260828706353,1e-05,1e-05
9.832122596986238,10.294624769416025,10.063373683201132,0.0,0.0
10.294624769416025,10.778883002898993,10.53675388615751,0.0,0.0
10.778883002898993,11.285920700611948,11.03240185175547,0.0,0.0
11.285920700611948,11.816809406526113,11.55136505356903,0.0,0.0
11.816809406526113,12.372671069945815,12.094740238235964,0.0,0.0
12.372671069945815,12.954680416570856,12.663675743258334,0.0,0.0
12.954680416570856,13.56406743109347,13.259373923832163,2e-05,2e-05
13.56406743109347,14.202119956576416,13.883093693834944,0.0,0.0
14.202119956576416,14.87018641610557,14.536153186340993,0.0,0.0
14.87018641610557,15.569678662468833,15.219932539287202,1e-05,1e-05
15.569678662468833,16.30207496188367,15.93587681217625,0.0,0.0
16.30207496188367,17.068923118078924,16.685499039981295,1e-05,1e-05
17.068923118078924,17.871843743333184,17.470383430706054,2e-05,1.3844373104863457e-05
17.871843743333184,18.71253368338246,18.292188713357824,0.0,0.0
18.71253368338246,19.592769603435265,19.152651643408863,0.0,0.0
19.592769603435265,20.51441174287349,20.05359067315438,0.0,0.0
20.51441174287349,21.479407846574095,20.99690979472379,0.0,0.0
21.479407846574095,22.48979728115979,21.984602563866943,0.0,0.0
22.48979728115979,23.54771534487784,23.018756313018816,0.0,0.0
23.54771534487784,24.65539778021513,24.101556562546484,1e-05,1e-05
24.65539778021513,25.81518549878626,25.235291639500694,1e-05,1e-05
25.81518549878626,27.029529528479973,26.422357513633116,0.0,0.0
27.029529528479973,28.30099619331888,27.665262860899425,0.0,0.0
28.30099619331888,29.632272536979364,28.966634365149122,0.0,0.0
29.632272536979364,31.026172001433324,30.329222269206344,1e-05,1e-05
31.026172001433324,32.48564037271279,31.755906187073055,2e-05,1.3844373104863457e-05
32.48564037271279,34.0137620063627,33.249701189537745,1e-05,1e-05
34.0137620063627,35.613766345738505,34.8137641760506,3.837691766102111e-05,1.8006400399496138e-05
35.613766345738505,37.28903474692383,36.45140054633117,3.392206390281369e-05,1.903384065664814e-05
37.28903474692383,39.043107624691736,38.16607118580778,1e-05,1e-05
39.043107624691736,40.87969193461129,39.961399779651515,2e-05,1.3844373104863457e-05
40.87969193461129,42.80266900711179,41.84118047086154,3e-05,1.6583123951777e-05
42.80266900711179,44.81610275006072,43.809385878586255,4e-05,1.9364916731037086e-05
44.81610275006072,46.924248237190184,45.87017549362545,1e-05,1e-05
46.924248237190184,49.13156070052205,48.02790446885612,4e-05,2.3629078131263043e-05
49.13156070052205,51.442704945796535,50.2871328231593,1e-05,1e-05
51.442704945796535,53.862565210800646,52.65263507829859,3e-05,1.6583123951777e-05
53.862565210800646,56.39625548743256,55.129410349116604,6e-05,2.614064523559687e-05
56.39625548743256,59.04913032931448,57.72269290837352,5e-05,2.0412414523193152e-05
59.04913032931448,61.82679616779471,60.437963248554595,6e-05,2.179449471770337e-05
61.82679616779471,64.73512316025354,63.280959664024124,2e-05,1.4142135623730951e-05
64.73512316025354,67.78025759575225,66.25769037800289,2e-05,1.3844373104863457e-05
67.78025759575225,70.9686348842429,69.37444623999758,4e-05,2.3629078131263043e-05
70.9686348842429,74.30699315678932,72.63781402051612,3e-05,1.6583123951777e-05
74.30699315678932,77.80238750554118,76.05469033116525,3.0000000000000004e-05,1.707825127659933e-05
77.80238750554118,81.46220489355541,79.63229619954829,2e-05,1.3844373104863457e-05
81.46220489355541,85.29417976597404,83.37819232976472,2e-05,1.3844373104863457e-05
85.29417976597404,89.30641039555067,87.30029508076235,3.4564104e-05,1.686477943297261e-05
89.30641039555067,93.5073759970689,91.4068931963098,4e-05,1.8708286933869708e-05
93.5073759970689,97.90595464682157,95.70666532194524,3e-05,1.6583123951777e-05
97.90595464682157,102.51144204502063,100.2086983459211,4e-05,1.8708286933869708e-05
102.51144204502063,107.33357116078919,104.92250660290492,5e-05,2.0412414523193152e-05
107.33357116078919,112.38253280125222,109.85805198102071,2.4564104000000002e-05,1.4731857497369977e-05
112.38253280125222,117.66899714819542,115.02576497472381,7.000000000000001e-05,2.70801280154532e-05
117.66899714819542,123.20413630780656,120.436566728001,3e-05,1.6583123951777e-05
123.20413630780656,128.9996479211548,126.10189211448068,5e-05,2.0412414523193152e-05
128.9996479211548,135.06777988530476,132.0337139032298,6e-05,2.692582403567252e-05
135.06777988530476,141.4213562373095,138.24456806130712,3e-05,1.6583123951777e-05
141.4213562373095,148.0738042557845,144.747580246547,3e-05,2.19848432637882e-05
148.0738042557845,155.03918283733685,151.55649354656066,6e-05,2.614064523559687e-05
155.03918283733685,162.33221220781974,158.6856975225783,3e-05,1.6583123951777e-05
162.33221220781974,169.96830503120103,166.1502586195104,3e-05,1.6583123951777e-05
169.96830503120103,177.9635989817908,173.9659520064959,2e-05,1.3844373104863457e-05
177.9635989817908,186.33499084866327,182.14929491522702,3e-05,2.19848432637882e-05
186.33499084866327,195.10017224434782,190.71758154650553,5e-05,2.0412414523193152e-05
195.10017224434782,204.27766699325355,199.6889196188007,2e-05,1.3844373104863457e-05
204.27766699325355,213.88687027884222,209.0822686360479,8e-05,2.4999999999999998e-05
213.88687027884222,223.9480896322804,218.9174799555613,5e-05,3.2787192621510006e-05
223.9480896322804,234.48258784919457,229.21533874073748,3e-05,1.6583123951777e-05
234.48258784919457,245.51262792522613,239.99760788721034,7.000000000000001e-05,2.70801280154532e-05
245.51262792522613,257.06152010535124,251.28707401528868,8e-05,2.783882181415011e-05
257.06152010535124,269.15367114639645,263.10759562587384,5e-05,2.4999999999999998e-05
269.15367114639645,281.8146358968585,275.4841535216275,0.0001,3.34165627596057e-05
281.8146358968585,295.0711713030343,288.44290359994636,6e-05,2.179449471770337e-05
295.0711713030343,308.95129295559485,302.0112321293146,2e-05,1.4142135623730951e-05
308.95129295559485,323.48433429610424,316.21781362584954,4e-05,1.8708286933869708e-05
323.48433429610424,338.70100860860873,331.0926714523565,2e-05,1.4142135623730951e-05
338.70100860860873,354.6334739273035,346.6672412679561,2e-05,1.3844373104863457e-05
354.6334739273035,371.3154009974541,362.9744374623788,4e-05,1.8708286933869708e-05
371.3154009974541,388.78204443318634,380.0487227153202,2e-05,1.3844373104863457e-05
388.78204443318634,407.0703172225394,397.9261808278629,4e-05,1.8708286933869708e-05
407.0703172225394,426.21886873722667,416.64459297988304,0.0001,3.0138568866708546e-05
426.21886873722667,446.26816641196905,436.24351757459783,7.000000000000001e-05,3.068658773253661e-05
446.26816641196905,467.2605812660174,456.76437383899327,7.000000000000001e-05,2.2912878474779198e-05
467.2605812660174,489.2404774475994,478.25052935680844,0.00012,4.112987559751021e-05
489.2404774475994,512.2543059905291,500.74739171906424,9e-05,3.188521078284832e-05
512.2543059905291,536.3507029811199,524.3025044858246,7.000000000000001e-05,2.70801280154532e-05
536.3507029811199,561.580592342859,548.9656476619894,8e-05,3.13581462037113e-05
561.580592342859,587.997293456065,574.788942899462,1e-05,1e-05
587.997293456065,615.6566338399645,601.8269636480147,3e-05,1.6583123951777e-05
615.6566338399645,644.6170671353223,630.1368504876434,4e-05,1.9790570145063196e-05
644.6170671353223,674.939796636966,659.7784318861441,0.00010348985569263627,3.3206503003588326e-05
674.939796636966,706.6889046372677,690.8143506371168,9e-05,2.9580398915498082e-05
706.6889046372677,739.931487853933,723.3101962456003,0.00013000000000000002,3.4156502553198664e-05
739.931487853933,774.7377992283004,757.3346435411167,0.00016348985569263625,4.833048834091436e-05
774.7377992283004,811.1813963938201,792.9595978110603,0.00011000000000000002,3.378855822118882e-05
811.1813963938201,849.3392971284771,830.2603467611486,9e-05,2.4494897427831778e-05
849.3392971284771,889.2921421196826,869.3157196240799,7.000000000000001e-05,2.7988092706244442e-05
889.2921421196826,931.1243653856103,910.2082537526464,8e-05,3.227486121839514e-05
931.1243653856103,974.9243727131394,953.0243690493749,0.0001,3.915780041490244e-05
974.9243727131394,1020.7847284895003,997.8545506013198,0.00010144750888485727,3.805740455239422e-05
1020.7847284895003,1068.802351322465,1044.7935399059827,5e-05,2.4999999999999998e-05
1068.802351322465,1119.0787188624954,1093.9405350924803,8e-05,2.886751345948129e-05
1119.0787188624954,1171.720082259704,1145.3994005610998,0.00010999999999999999,3.559026084010437e-05
1171.720082259704,1226.8376907088548,1199.2788864842794,0.00011,4.0311288741492746e-05
1226.8376907088548,1284.5480265569379,1255.6928586328963,0.00015999999999999999,4.672615256292062e-05
1284.5480265569379,1344.973051470185,1314.7605390135614,0.00013000000000000004,3.708099243547831e-05
1344.973051470185,1408.2404641807598,1376.6067578254724,0.00012000000000000002,3.8514066694304475e-05
1408.2404641807598,1474.4839703578277,1441.3622172692938,7.000000000000001e-05,3.068658773253661e-05
1474.4839703578277,1543.8435651733403,1509.163767765584,9e-05,3.188521078284832e-05
1543.8435651733403,1616.4658291596845,1580.1546971665125,0.00011000000000000003,2.91547594742265e-05
1616.4658291596845,1692.5042379844535,1654.485033572069,0.00011000000000000003,2.91547594742265e-05
1692.5042379844535,1772.119486796993,1732.3118623907233,0.00018,5.1071844820148536e-05
1772.119486796993,1855.47982983218,1813.7996583145864,0.00013451347734013856,3.3792060768251844e-05
1855.47982983218,1942.7614359891356,1899.1206329106578,0.00013000000000000004,3.570714214271425e-05
1942.7614359891356,2034.148761136325,1988.4550985627302,0.00019000000000000006,3.227486121839514e-05
2034.148761136325,2129.8349379298597,2081.991849533092,0.00014000000000000001,3.253203549323856e-05
2129.8349379298597,2230.0221839688165,2179.928560949338,0.000144564104,4.063147177565869e-05
2230.0221839688165,2334.922229150145,2282.4722065594806,9e-05,3.188521078284832e-05
2334.922229150145,2444.756763126312,2389.8394961382282,0.00015000000000000004,3.403429642777023e-05
2444.756763126312,2559.75790381133,2502.257333468821,0.00010000000000000002,3.535533905932738e-05
2559.75790381133,2680.168687925228,2619.9632958682787,0.0001682044774398435,4.686983151868095e-05
2680.168687925228,2806.2435846137314,2743.2061362694794,0.00018,5.809475019311125e-05
2806.2435846137314,2938.249033228547,2872.246308921139,0.00013000000000000004,3.415650255319866e-05
2938.249033228547,3076.464006404787,3007.356519816667,0.00013000000000000004,3.415650255319866e-05
3076.464006404787,3221.180599625506,3148.8223030151466,0.00016,3.785938897200183e-05
3221.180599625506,3372.7046485193,3296.9426240724033,0.00016000000000000004,3.947573094109003e-05
3372.7046485193,3531.3563751955307,3452.030511857415,0.0002600000000000001,4.4440972086577935e-05
3531.3563751955307,3697.4710649831036,3614.4137200893174,0.00010000000000000002,3.227486121839514e-05
3697.4710649831036,3871.3997750029707,3784.435419993037,0.00012,3.570714214271425e-05
3871.3997750029707,4053.510076071831,3962.454925537401,0.00010000000000000002,2.886751345948129e-05
4053.510076071831,4244.186829504904,4148.8484527883675,0.00014000000000000001,3.559026084010437e-05
4244.186829504904,4443.833000459449,4344.009914982176,0.0002500000000000001,4.555216789572147e-05
4443.833000459449,4652.870509537877,4548.351754998663,0.00015000000000000001,4.08248290463863e-05
4652.870509537877,4871.741124450209,4762.305816994043,0.00014000000000000001,3.708099243547831e-05
4871.741124450209,5100.907393620252,4986.324259035231,0.00028000000000000003,5.830951894845298e-05
5100.907393620252,5340.853623708527,5220.88050866439,0.00019999999999999998,4.73462423711393e-05
5340.853623708527,5592.086903117788,5466.470263413157,0.00016000000000000004,4.760952285695232e-05
5592.086903117788,5855.138173644152,5723.61253838097,0.00015000000000000004,3.818813079129866e-05
5855.138173644152,6130.563352538598,5992.8507630913755,0.00015000000000000004,4.462809279665294e-05
6130.563352538598,6418.944507350146,6274.753929944372,0.00013000000000000004,3.535533905932737e-05
6418.944507350146,6720.891086033548,6569.917796691847,0.00014000000000000001,3.559026084010437e-05
6720.891086033548,7037.041204921141,6878.966145477345,0.00012000000000000004,3.265986323710904e-05
7037.041204921141,7368.062997280774,7202.552101100957,0.00010000000000000002,3.535533905932738e-05
7368.062997280774,7714.65602530979,7541.359511295282,9e-05,2.8431203515386637e-05
7714.65602530979,8077.552758549069,7896.10439192943,4e-05,1.8708286933869708e-05
8077.552758549069,8457.520121841548,8267.536440195308,7.000000000000001e-05,2.2912878474779198e-05
8457.520121841548,8855.361116106555,8656.440618974051,5e-05,2.0412414523193152e-05
8855.361116106555,9271.916515355242,9063.638815730897,8e-05,3.13581462037113e-05
9271.916515355242,9708.066643533462,9489.991579444351,0.00015000000000000001,4.349329450233296e-05
9708.066643533462,10164.73323494718,9936.39993924032,0.00018,4.609772228646443e-05
10164.73323494718,10642.881382202124,10403.807308574651,0.00015000000000000001,3.0822070014844885e-05
10642.881382202124,11143.521575774359,10893.201478988241,0.000168389336,3.1228029266257406e-05
11143.521575774359,11667.711839522062,11405.61670764821,0.000198389336,4.325370664487491e-05
11667.711839522062,12216.559966651594,11942.135903086828,7.000000000000001e-05,2.70801280154532e-05
12216.559966651594,12791.225860863202,12503.892913757398,0.00015000000000000001,3.547299442298794e-05
12791.225860863202,13392.923987624032,13092.074924243618,0.00016999999999999999,5.0826502273256363e-05
13392.923987624032,14022.925940748777,13707.924964186404,0.000140815927986343,3.2656981055924955e-05
14022.925940748777,14682.56312971207,14352.744535230424,0.00021000000000000004,4.2031734043061636e-05
14682.56312971207,15373.22959337181,15027.896361541942,0.00016,4.08248290463863e-05
15373.22959337181,16096.384946049771,15734.807269710791,0.00014000000000000001,3.559026084010437e-05
16096.384946049771,16853.557462195597,16474.971204122685,0.00017000000000000004,3.162277660168379e-05
16853.557462195597,17646.34730615308,17249.952384174336,0.00022000000000000003,4.7696960070847264e-05
17646.34730615308,18476.429913854514,18061.388610003796,0.00022,4.8218253804964775e-05
18476.429913854514,19345.559533589316,18910.994723721917,0.0002000000000000001,3.7527767497325664e-05
19345.559533589316,20255.572933330448,19800.566233459882,0.00021000000000000004,4.2524502740576906e-05
20255.572933330448,21208.39328245294,20731.983107891694,0.00019000000000000004,4.3969686527576384e-05
21208.39328245294,22206.03421604816,21707.21374925055,0.00027000000000000006,4.54606056566195e-05
22206.03421604816,23250.60409042308,22728.31915323562,0.00021000000000000004,4.890466917040402e-05
23250.60409042308,24344.310438777808,23797.457264600445,0.000354564104,5.6754248111098695e-05
24344.310438777808,25489.464636477842,24916.887537627823,0.0006345641040000002,7.7029366728905e-05
25489.464636477842,26688.486785780282,26088.97571112906,0.0004045641040000002,5.926777088201317e-05
26688.486785780282,27943.91083033714,27316.19880805871,2.4513766693389972e-05,1.7278733114795517e-05
27943.91083033714,29258.389910284437,28601.15037031079,2e-05,1.3844373104863457e-05
29258.389910284437,30634.7019692342,29946.54593975932,4.4513766693389974e-05,1.9904383401821485e-05
30634.7019692342,32075.755625018886,31355.228797126543,0.0001,3.227486121839514e-05
32075.755625018886,33584.596316595074,32830.17597080698,9e-05,4.051748593714406e-05
33584.596316595074,35164.412740096974,34374.50452834602,0.00014000000000000004,3.547299442298793e-05
35164.412740096974,36818.54358764134,35991.47816386916,0.00014837691766102115,3.166369146978796e-05
36818.54358764134,38550.484603125115,37684.51409538323,0.00018386694473694913,4.182183910962803e-05
38550.484603125115,40363.89596992724,39457.19028652618,0.00020837691766102114,4.126563119494894e-05
40363.89596992724,42262.61004612722,41313.253008027226,0.00015000000000000004,3.227486121839514e-05
42262.61004612722,44250.63946358777,43256.6247548575,0.00017456410400000004,3.682625293622493e-05
44250.63946358777,46332.1856080175,45291.412535802636,0.00022000000000000003,5.431390245600109e-05
46332.1856080175,48511.64749793505,47421.916552976276,0.00016,4.0517485937144065e-05
48511.64749793505,50793.63108129893,49652.63928961699,0.00023000000000000006,5.188127472091126e-05
50793.63108129893,53182.95896944989,51988.29502537441,0.00011000000000000002,3.559026084010437e-05
53182.95896944989,55684.68062893723,54433.81979919356,0.00010000000000000002,4.330127018922193e-05
55684.68062893723,58304.08305276759,56994.38184085241,0.00018999999999999998,5.000000000000001e-05
58304.08305276759,61046.70193362837,59675.392493197985,0.00023000000000000006,4.062019202317979e-05
61046.70193362837,63918.33336269862,62482.5176481635,0.00024,4.6726152562920616e-05
63918.33336269862,66925.0460787709,65421.689720734765,0.00030000000000000014,4.123105625617657e-05
66925.0460787709,70073.19429357079,68499.12018617085,0.00040000000000000013,5.204164998665327e-05
70073.19429357079,73369.43112037826,71721.31270697452,0.00041000000000000015,6.531972647421805e-05
73369.43112037826,76820.72263433016,75095.07687735421,0.00014000000000000001,3.559026084010437e-05
76820.72263433016,80434.36259411823,78627.54261422419,0.00035000102950926695,7.017814253423247e-05
80434.36259411823,84217.98785619426,82326.17522515624,0.0004565918894108713,6.0556074329050816e-05
84217.98785619426,88179.59451405832,86198.79118512629,0.00011000000000000002,3.055050463303893e-05
88179.59451405832,92327.55479673743,90253.57465539788,0.00021,4.890466917040403e-05
92327.55479673743,96670.6347621674,94499.09477945243,0.00021000000000000004,3.674234614174767e-05
96670.6347621674,101218.01282286964,98944.32379251852,0.00016000000000000004,4.453463071962462e-05
101218.01282286964,105979.29914307396,103598.6559829718,0.00018348985569263627,3.541759643326669e-05
105979.29914307396,110964.5559482816,108471.92754567778,0.00029000000000000006,6.264982043070833e-05
110964.5559482816,116184.31879018481,113574.4373692332,0.00032442974542076525,6.13171075106512e-05
116184.31879018481,121649.61881189227,118916.96880103854,0.00033838924240161926,5.359836227655648e-05
121649.61881189227,127372.00606050127,124510.81243619678,0.00025000000000000006,5.9441848333756686e-05
127372.00606050127,133363.57389629932,130367.7899784003,0.0003240240378621056,5.574728145500508e-05
133363.57389629932,139636.98455016405,136500.2792232317,0.00046829894669883306,6.315221562731987e-05
139636.98455016405,146205.49588318952,142921.2402166768,0.00011,3.3166247903554e-05
146205.49588318952,153082.98940507413,149644.24264413182,0.00026000000000000003,6.837397165588671e-05
153082.98940507413,160283.99961050015,156683.49450778714,0.00017,4.415880433163923e-05
160283.99961050015,167823.74469548443,164053.8721529923,0.00039999999999999996,7.005949852327901e-05
167823.74469548443,175718.1587186335,171770.95170705896,0.0002400000000000001,4.6726152562920596e-05
175718.1587186335,183983.92527525063,179851.04199694208,0.0005000000000000001,7.63762615825973e-05
183983.92527525063,192638.51275548118,188311.2190153659,0.00018,3.763863263545405e-05
192638.51275548118,201700.2112609861,197169.36200823364,0.00016000000000000004,3.662876829305985e-05
201700.2112609861,211188.17125818488,206444.1912595855,0.0002600000000000001,6.034622330077222e-05
211188.17125818488,221122.4440497306,216155.30765395775,0.0003700000000000001,5.795112883571234e-05
221122.4440497306,231524.02414977323,226323.23409975192,0.00021000000000000004,4.4440972086577935e-05
231524.02414977323,242414.89365253726,236969.45890115525,0.00033669583232609615,7.751913356113378e-05
242414.89365253726,253818.0686880081,248116.4811702727,0.0003000000000000001,5.802298395176401e-05
253818.0686880081,265757.64806287445,259787.85837544128,0.0003483789776317343,5.728757371869611e-05
265757.64806287445,278258.8641895524,272008.2561262134,0.0004519452071043273,8.663870468285977e-05
278258.8641895524,291348.1364108892,284803.5003002208,0.00016000000000000004,3.378855822118882e-05
291348.1364108892,305053.1268332746,298200.6316220819,0.00040000000000000013,7.365459931328114e-05
305053.1268332746,319402.79878611746,312227.96280969604,0.0006100000000000002,8.674675786448732e-05
319402.79878611746,334427.4780312696,326915.13840869354,0.0002700000000000001,5.196152422706627e-05
334427.4780312696,350158.91685172316,342293.1974414964,0.00041000000000000005,6.620674688680397e-05
350158.91685172316,366630.3611550337,358394.63900337846,0.00039231042681540863,7.145144119075391e-05
366630.3611550337,383876.6207332969,375253.49094416527,0.00047456410400000015,6.524491856578675e-05
383876.6207332969,401934.14282812644,392905.3817807117,0.0002700000000000001,4.743416490252567e-05
401934.14282812644,420841.08915614587,411387.6159921362,0.00036,7.331439149307591e-05
420841.08915614587,440637.41655772773,430739.2528569368,0.00018838172825851686,5.679234309682892e-05
440637.41655772773,461364.9614394688,451001.18899859826,0.00027831788420362887,5.450310964329116e-05
461364.9614394688,483067.52818880335,472216.24481413607,0.0004800000000000001,6.551081335677844e-05
483067.52818880335,505790.9817476623,494429.2549682328,0.0003300000000000001,6.123724356957942e-05
505790.9817476623,529583.3445407572,517687.1631442098,0.0003000000000000001,5.0332229568471646e-05
529583.3445407572,554494.8979633953,542039.1212520762,0.0004283853205411823,5.639874284294442e-05
554494.8979633953,580578.2886432377,567536.5933033165,0.0005300000000000001,8.341662504161465e-05
580578.2886432377,607888.6397006372,594233.4641719374,0.0005000000000000001,6.916164640415471e-05
607888.6397006372,636483.6672426153,622186.1534716262,0.00042000000000000007,6.87992248018343e-05
636483.6672426153,666423.8023367444,651453.7347896798,0.0005282666682394189,6.882186434468403e-05
666423.8023367444,697772.3187226298,682098.0605296871,0.00042831788420362893,7.28675774132334e-05
697772.3187226298,730595.4665309708,714183.8926268003,0.0006178856593938273,7.889167973972076e-05
730595.4665309708,764962.6122927105,747779.0394118406,0.00038000000000000013,4.915960401250873e-05
764962.6122927105,800946.3855342498,782954.4989134802,0.0004482955979845731,9.028618259674211e-05
800946.3855342498,838622.8322684389,819784.6089013444,0.00038000000000000013,6.224949798994365e-05
838622.8322684389,878071.5757058214,858347.2039871302,0.0003000000000000001,4.9999999999999975e-05
878071.5757058214,919375.9845256688,898723.780115745,0.00041000000000000005,6.123724356957942e-05
919375.9845256688,962623.3490625251,940999.6667940969,0.000428381728258517,5.544199760742289e-05
962623.3490625251,1007905.0657804913,985264.2074215082,0.0003300000000000001,4.7258156262526065e-05
1007905.0657804913,1055316.8304252268,1031610.9481028591,0.00029000000000000006,5.3619026473818034e-05
1055316.8304252268,1104958.840261738,1080137.8353434824,0.00041829894669883304,6.663434311655405e-05
1104958.840261738,1156936.0058254825,1130947.4230436103,0.00036000000000000013,5.965176722724423e-05
1156936.0058254825,1211358.1726341562,1184147.0892298194,0.0004500000000000002,6.57647321898295e-05
1211358.1726341562,1268340.3533288564,1239849.2629815063,0.0004400000000000001,5.454356057317855e-05
1268340.3533288564,1328002.9707350668,1298171.6620319616,0.00033000000000000005,7.533259586659679e-05
1328002.9707350668,1390472.112357293,1359237.54154618,0.00037000000000000005,7.065172798075547e-05
1390472.112357293,1455879.796845014,1423175.9546011535,0.00037000000000000005,7.234178138070235e-05
1455879.796845014,1524364.2529932621,1490122.024919138,0.00038,5.951190357119041e-05
1524364.2529932621,1596070.211867268,1560217.232430265,0.0003200000000000001,6.082762530298219e-05
1596070.211867268,1671149.212668723,1633609.7122679953,0.0004000000000000001,7.637626158259731e-05
1671149.212668723,1749759.9229898606,1710454.5678292918,0.0003278888849844324,5.842859842917182e-05
1749759.9229898606,1832068.4741323679,1790914.1985611143,0.00045284763456373346,6.354237342148332e-05
1832068.4741323679,1918248.8121995574,1875158.6431659628,0.00023000000000000003,5.916079783099614e-05
1918248.8121995574,2008483.0657040002,1963365.9389517787,0.00024,5.678908345800273e-05
2008483.0657040002,2102961.9304672666,2055722.4980856334,0.00024000000000000006,5.63471383479232e-05
2102961.9304672666,2201885.072625446,2152423.5015463564,0.0002900000000000001,5.139714648369756e-05
2201885.072625446,2305461.5505918744,2253673.31160866,0.00017000000000000004,3.452052529534663e-05
2305461.5505918744,2413910.256869083,2359685.9037304786,0.00019000000000000006,3.894440481849306e-05
2413910.256869083,2527460.3806434534,2470685.3187562684,0.00015,3.818813079129867e-05
2527460.3806434534,2646351.892140279,2586906.136391866,0.00014000000000000001,3.559026084010437e-05
2646351.892140279,2770836.0497629484,2708593.970951614,0.00012,3.570714214271425e-05
2770836.0497629484,2901175.931087752,2836005.99042535,0.00010000000000000002,3.8188130791298664e-05
2901175.931087752,3037646.988836816,2969411.459962284,5e-05,2.1213203435596428e-05
3037646.988836816,3180537.633003767,3109092.3109202916,0.00013000000000000002,3.570714214271425e-05
3180537.633003767,3330149.840362729,3255343.736683248,0.00024,5.099019513592785e-05
3330149.840362729,3486799.792648367,3408474.816505548,0.00012,4.112987559751022e-05
3486799.792648367,3650818.544756078,3568809.1687022224,0.00017,4.444097208657795e-05
3650818.544756078,3822552.724374035,3736685.6345650563,0.00011,4.031128874149275e-05
3822552.724374035,4002365.26452609,3912458.9944500625,0.00013,4.112987559751021e-05
4002365.26452609,4190636.170573193,4096500.7175496416,0.00017,3.452052529534663e-05
4190636.170573193,4387763.32329474,4289199.746933967,0.00012000000000000002,3.6968455021364726e-05
4387763.32329474,4594163.31974653,4490963.321520635,0.00013000000000000002,4.8131763593978836e-05
4594163.31974653,4810272.353672883,4702217.836709706,6e-05,2.179449471770337e-05
4810272.353672883,5036547.137332979,4923409.74550293,0.00014000000000000001,3.9791121287711075e-05
5036547.137332979,5273465.866690128,5155006.502011553,0.00011000000000000003,2.9154759474226495e-05
5273465.866690128,5521529.232003135,5397497.549346631,0.00013000000000000002,3.8514066694304475e-05
5521529.232003135,5781261.475956131,5651395.353979632,0.00013000000000000002,3.8514066694304475e-05
5781261.475956131,6053211.5015623905,5917236.488759261,0.00012,2.9297326385411578e-05
6053211.5015623905,6337954.032184204,6195582.766873297,0.0001,3.227486121839514e-05
6337954.032184204,6636090.826119603,6487022.429151904,0.00017000000000000004,5.074445782546109e-05
6636090.826119603,6948251.948323539,6792171.387221571,0.00014000000000000001,4.1028445416970574e-05
6948251.948323539,7275097.101950295,7111674.525136918,0.00013000000000000002,3.708099243547831e-05
7275097.101950295,7617317.022531968,7446207.062241131,0.00010999999999999999,4.349329450233297e-05
7617317.022531968,7975634.937738522,7796475.980135245,0.00018,4.6815239683960455e-05
7975634.937738522,8350808.095805317,8163221.51677192,0.00019000000000000004,4.8476798574163266e-05
8350808.095805317,8743629.36585722,8547218.73083127,0.00011000000000000003,2.91547594742265e-05
8743629.36585722,9154928.91351234,8949279.13968478,0.00014000000000000004,3.559026084010437e-05
9154928.91351234,9585575.955305481,9370252.43440891,0.00019,4.0824829046386304e-05
9585575.955305481,10036480.595640088,9811028.275472784,0.00015000000000000001,4.69041575982343e-05
10036480.595640088,10508595.750149623,10272538.172894854,0.00010999999999999999,3.840572873934304e-05
10508595.750149623,11002919.159534361,10755757.454841992,0.0002600000000000001,3.947573094108998e-05
11002919.159534361,11520495.498128198,11261707.32883128,0.00022000000000000006,4.856267428111152e-05
11520495.498128198,12062418.581652956,11791457.039890576,0.0003600000000000001,6.0346223300772216e-05
12062418.581652956,12629833.678824533,12346126.130238745,0.0005200000000000001,5.7590508477236596e-05
12629833.678824533,13223939.931697555,12926886.805261044,0.0008100000000000003,0.00010750968948580085
13223939.931697555,13845992.889862021,13534966.41077979,0.0012100000000000006,0.00010727690027836044
13845992.889862021,14497307.1638492,14171650.02685561,0.0005900000000000002,6.435578192102594e-05
14497307.1638492,15179259.20335258,14838283.18360089,0.0,0.0
15179259.20335258,15893290.206137046,15536274.704744812,0.0,0.0
15893290.206137046,16640909.163781902,16267099.684959475,0.0,0.0
16640909.163781902,17423696.050696317,17032302.60723911,0.0,0.0
17423696.050696317,18243305.16314514,17833500.606920727,0.0,0.0
18243305.16314514,19101468.615342155,18672386.889243647,0.0,0.0
19101468.615342155,20000000.000000004,19550734.307671078,0.0,0.0
