<?xml version='1.0' encoding='utf-8'?>
<model>
  <materials>
    <cross_sections>/mnt/c/openmc/data/endfb-viii.0-hdf5/cross_sections.xml</cross_sections>
    <material depletable="true" id="8" name="Full PbLi + TRISO Blanket Homogenized" temperature="900" volume="342000000.0">
      <density units="g/cm3" value="7.9693473145"/>
      <nuclide ao="0.00862438959719347" name="Pb204"/>
      <nuclide ao="0.14846270663740183" name="Pb206"/>
      <nuclide ao="0.13614215006998262" name="Pb207"/>
      <nuclide ao="0.32279858206638407" name="Pb208"/>
      <nuclide ao="0.11520034825597916" name="Li6"/>
      <nuclide ao="0.010974026229639569" name="Li7"/>
      <nuclide ao="0.0" name="U235"/>
      <nuclide ao="0.0" name="U238"/>
      <nuclide ao="0.0" name="O16"/>
      <nuclide ao="0.1058539652811079" name="C12"/>
      <nuclide ao="0.00118578636877743" name="C13"/>
      <nuclide ao="0.0987386913759236" name="Si28"/>
      <nuclide ao="0.005013669026110363" name="Si29"/>
      <nuclide ao="0.0033050330269832483" name="Si30"/>
      <nuclide ao="1.4682872065035694e-10" name="He3"/>
      <nuclide ao="7.341421349645783e-05" name="He4"/>
      <nuclide ao="0.0022859572371545186" name="Fe54"/>
      <nuclide ao="0.035884639920936816" name="Fe56"/>
      <nuclide ao="0.0008287328290043501" name="Fe57"/>
      <nuclide ao="0.00011028912589864404" name="Fe58"/>
      <nuclide ao="0.0001494743841396663" name="Cr50"/>
      <nuclide ao="0.0028824647117787114" name="Cr52"/>
      <nuclide ao="0.00032684835988744984" name="Cr53"/>
      <nuclide ao="8.135947491146395e-05" name="Cr54"/>
      <nuclide ao="1.0585067479130127e-06" name="W180"/>
      <nuclide ao="0.00023375357349745697" name="W182"/>
      <nuclide ao="0.00012622692968862676" name="W183"/>
      <nuclide ao="0.00027027205630045595" name="W184"/>
      <nuclide ao="0.0002507778903597246" name="W186"/>
      <nuclide ao="1.764177913188355e-07" name="V50"/>
      <nuclide ao="7.039069873621537e-05" name="V51"/>
      <nuclide ao="7.277233891901962e-07" name="Ti46"/>
      <nuclide ao="6.562741837060679e-07" name="Ti47"/>
      <nuclide ao="6.502759788012275e-06" name="Ti48"/>
      <nuclide ao="4.772101255174499e-07" name="Ti49"/>
      <nuclide ao="4.569220795157839e-07" name="Ti50"/>
      <nuclide ao="7.938800609347595e-05" name="Mn55"/>
      <nuclide ao="2.636573594238518e-06" name="N14"/>
      <nuclide ao="9.693275544013415e-09" name="N15"/>
      <nuclide ao="1.7641779131883547e-06" name="P31"/>
      <nuclide ao="1.2575158077080773e-06" name="S32"/>
      <nuclide ao="9.90616771368742e-09" name="S33"/>
      <nuclide ao="5.551854661469403e-08" name="S34"/>
      <nuclide ao="1.9291285480714655e-10" name="S36"/>
      <nuclide ao="1.2009976337833229e-05" name="Ni58"/>
      <nuclide ao="4.626221383532955e-06" name="Ni60"/>
      <nuclide ao="2.0109864032434057e-07" name="Ni61"/>
      <nuclide ao="6.411904625483075e-07" name="Ni62"/>
      <nuclide ao="1.632923076447141e-07" name="Ni64"/>
      <nuclide ao="6.460860562574052e-07" name="Mo92"/>
      <nuclide ao="4.0518756221153535e-07" name="Mo94"/>
      <nuclide ao="7.000699004009688e-07" name="Mo95"/>
      <nuclide ao="7.353534586647359e-07" name="Mo96"/>
      <nuclide ao="4.2260881910427034e-07" name="Mo97"/>
      <nuclide ao="1.0713852466792877e-06" name="Mo98"/>
      <nuclide ao="4.2975373965268315e-07" name="Mo100"/>
      <nuclide ao="4.410444782970886e-06" name="Al27"/>
      <nuclide ao="4.410444782970886e-06" name="Nb93"/>
    </material>
    <material depletable="true" id="10" name="Full PbLi + TRISO Blanket Homogenized" temperature="900" volume="342000000.0">
      <density units="g/cm3" value="7.9691766914742255"/>
      <nuclide ao="0.008622743263598208" name="Pb204"/>
      <nuclide ao="0.14843436618051198" name="Pb206"/>
      <nuclide ao="0.13611616151822883" name="Pb207"/>
      <nuclide ao="0.32273696215181863" name="Pb208"/>
      <nuclide ao="0.11517835734272296" name="Li6"/>
      <nuclide ao="0.010971931367405723" name="Li7"/>
      <nuclide ao="3.4236632978233267e-06" name="U235"/>
      <nuclide ao="2.103109548284014e-05" name="U238"/>
      <nuclide ao="3.6643369486078934e-05" name="O16"/>
      <nuclide ao="0.10590206771351926" name="C12"/>
      <nuclide ao="0.0011863252168829964" name="C13"/>
      <nuclide ao="0.09877228582464688" name="Si28"/>
      <nuclide ao="0.005015374856364604" name="Si29"/>
      <nuclide ao="0.0033061575179098197" name="Si30"/>
      <nuclide ao="1.4681365783965917e-10" name="He3"/>
      <nuclide ao="7.340668210617177e-05" name="He4"/>
      <nuclide ao="0.002285722726215692" name="Fe54"/>
      <nuclide ao="0.03588095860071764" name="Fe56"/>
      <nuclide ao="0.0008286478112662194" name="Fe57"/>
      <nuclide ao="0.00011027781159843032" name="Fe58"/>
      <nuclide ao="0.00014945904991661726" name="Cr50"/>
      <nuclide ao="0.00288216900655085" name="Cr52"/>
      <nuclide ao="0.0003268148292883269" name="Cr53"/>
      <nuclide ao="8.135112843562712e-05" name="Cr54"/>
      <nuclide ao="1.058398158212745e-06" name="W180"/>
      <nuclide ao="0.00023372959327198117" name="W182"/>
      <nuclide ao="0.00012621398036686984" name="W183"/>
      <nuclide ao="0.0002702443297303209" name="W184"/>
      <nuclide ao="0.00025075216364990285" name="W186"/>
      <nuclide ao="1.7639969303545756e-07" name="V50"/>
      <nuclide ao="7.038347752114755e-05" name="V51"/>
      <nuclide ao="7.276487337712622e-07" name="Ti46"/>
      <nuclide ao="6.562068580919019e-07" name="Ti47"/>
      <nuclide ao="6.502092685286963e-06" name="Ti48"/>
      <nuclide ao="4.771611696609126e-07" name="Ti49"/>
      <nuclide ao="4.56875204961835e-07" name="Ti50"/>
      <nuclide ao="7.937986186595587e-05" name="Mn55"/>
      <nuclide ao="2.636303114398029e-06" name="N14"/>
      <nuclide ao="9.692281133833213e-09" name="N15"/>
      <nuclide ao="1.763996930354575e-06" name="P31"/>
      <nuclide ao="1.2573868021397045e-06" name="S32"/>
      <nuclide ao="9.905151463403752e-09" name="S33"/>
      <nuclide ao="5.55128510984887e-08" name="S34"/>
      <nuclide ao="1.9289306433427274e-10" name="S36"/>
      <nuclide ao="1.2008744262805536e-05" name="Ni58"/>
      <nuclide ao="4.625746790438106e-06" name="Ni60"/>
      <nuclide ao="2.0107801009111804e-07" name="Ni61"/>
      <nuclide ao="6.411246843373703e-07" name="Ni62"/>
      <nuclide ao="1.6327555587361947e-07" name="Ni64"/>
      <nuclide ao="6.460197758191042e-07" name="Mo92"/>
      <nuclide ao="4.05145994979187e-07" name="Mo94"/>
      <nuclide ao="6.999980818879543e-07" name="Mo95"/>
      <nuclide ao="7.352780204950457e-07" name="Mo96"/>
      <nuclide ao="4.2256546466643844e-07" name="Mo97"/>
      <nuclide ao="1.0712753358043334e-06" name="Mo98"/>
      <nuclide ao="4.2970965223437445e-07" name="Mo100"/>
      <nuclide ao="4.409992325886438e-06" name="Al27"/>
      <nuclide ao="4.409992325886438e-06" name="Nb93"/>
    </material>
    <material depletable="true" id="12" name="Full PbLi + TRISO Blanket Homogenized" temperature="900" volume="342000000.0">
      <density units="g/cm3" value="7.967641084242286"/>
      <nuclide ao="0.008607941447631226" name="Pb204"/>
      <nuclide ao="0.1481795634913661" name="Pb206"/>
      <nuclide ao="0.13588250428046433" name="Pb207"/>
      <nuclide ao="0.3221829513256259" name="Pb208"/>
      <nuclide ao="0.11498064197573955" name="Li6"/>
      <nuclide ao="0.010953096931085636" name="Li7"/>
      <nuclide ao="3.420505184092881e-05" name="U235"/>
      <nuclide ao="0.00021011695622038143" name="U238"/>
      <nuclide ao="0.00036609568285950005" name="O16"/>
      <nuclide ao="0.10633454589058264" name="C12"/>
      <nuclide ao="0.0011911698792987462" name="C13"/>
      <nuclide ao="0.09907432597552836" name="Si28"/>
      <nuclide ao="0.005030711593443189" name="Si29"/>
      <nuclide ao="0.0033162675635284885" name="Si30"/>
      <nuclide ao="1.4667823148831925e-10" name="He3"/>
      <nuclide ao="7.333896906592815e-05" name="He4"/>
      <nuclide ao="0.0022836142909819336" name="Fe54"/>
      <nuclide ao="0.03584786067660502" name="Fe56"/>
      <nuclide ao="0.0008278834358581211" name="Fe57"/>
      <nuclide ao="0.00011017608726379903" name="Fe58"/>
      <nuclide ao="0.00014932118335772365" name="Cr50"/>
      <nuclide ao="0.002879510387194547" name="Cr52"/>
      <nuclide ao="0.0003265133631948751" name="Cr53"/>
      <nuclide ao="8.127608714407743e-05" name="Cr54"/>
      <nuclide ao="1.0574218525819147e-06" name="W180"/>
      <nuclide ao="0.00023351399244517283" name="W182"/>
      <nuclide ao="0.00012609755592039333" name="W183"/>
      <nuclide ao="0.00026999504635924894" name="W184"/>
      <nuclide ao="0.00025052086057419866" name="W186"/>
      <nuclide ao="1.762369754303192e-07" name="V50"/>
      <nuclide ao="7.031855319669735e-05" name="V51"/>
      <nuclide ao="7.269775236500664e-07" name="Ti46"/>
      <nuclide ao="6.556015486007872e-07" name="Ti47"/>
      <nuclide ao="6.496094914361563e-06" name="Ti48"/>
      <nuclide ao="4.767210185390133e-07" name="Ti49"/>
      <nuclide ao="4.564537663645266e-07" name="Ti50"/>
      <nuclide ao="7.93066389436436e-05" name="Mn55"/>
      <nuclide ao="2.633871290839768e-06" name="N14"/>
      <nuclide ao="9.683340615018884e-09" name="N15"/>
      <nuclide ao="1.7623697543031915e-06" name="P31"/>
      <nuclide ao="1.256226942019451e-06" name="S32"/>
      <nuclide ao="9.896014585119424e-09" name="S33"/>
      <nuclide ao="5.546164399018986e-08" name="S34"/>
      <nuclide ao="1.9271513263305395e-10" name="S36"/>
      <nuclide ao="1.1997666952672292e-05" name="Ni58"/>
      <nuclide ao="4.621479830406802e-06" name="Ni60"/>
      <nuclide ao="2.008925282930208e-07" name="Ni61"/>
      <nuclide ao="6.405332872014949e-07" name="Ni62"/>
      <nuclide ao="1.631249444583034e-07" name="Ni64"/>
      <nuclide ao="6.454238632696863e-07" name="Mo92"/>
      <nuclide ao="4.047722733195855e-07" name="Mo94"/>
      <nuclide ao="6.993523777513639e-07" name="Mo95"/>
      <nuclide ao="7.345997728374277e-07" name="Mo96"/>
      <nuclide ao="4.2217567464332953e-07" name="Mo97"/>
      <nuclide ao="1.070287151788328e-06" name="Mo98"/>
      <nuclide ao="4.293132721482574e-07" name="Mo100"/>
      <nuclide ao="4.405924385757979e-06" name="Al27"/>
      <nuclide ao="4.405924385757979e-06" name="Nb93"/>
    </material>
    <material depletable="true" id="14" name="Full PbLi + TRISO Blanket Homogenized" temperature="900" volume="342000000.0">
      <density units="g/cm3" value="7.960816163211442"/>
      <nuclide ao="0.008542484636789608" name="Pb204"/>
      <nuclide ao="0.14705277124759253" name="Pb206"/>
      <nuclide ao="0.13484922176646452" name="Pb207"/>
      <nuclide ao="0.3197329964055539" name="Pb208"/>
      <nuclide ao="0.11410630213757476" name="Li6"/>
      <nuclide ao="0.010869807006507295" name="Li7"/>
      <nuclide ao="0.00017032696632783982" name="U235"/>
      <nuclide ao="0.0010462952634450766" name="U238"/>
      <nuclide ao="0.0018230046057864527" name="O16"/>
      <nuclide ao="0.10824705732109327" name="C12"/>
      <nuclide ao="0.0012125940175292606" name="C13"/>
      <nuclide ao="0.1004100124255508" name="Si28"/>
      <nuclide ao="0.005098533940384945" name="Si29"/>
      <nuclide ao="0.003360976357715471" name="Si30"/>
      <nuclide ao="1.460793470620839e-10" name="He3"/>
      <nuclide ao="7.30395274516949e-05" name="He4"/>
      <nuclide ao="0.00227429033731464" name="Fe54"/>
      <nuclide ao="0.03570149454404919" name="Fe56"/>
      <nuclide ao="0.0008245032035534173" name="Fe57"/>
      <nuclide ao="0.00010972624039738729" name="Fe58"/>
      <nuclide ao="0.00014871150780933052" name="Cr50"/>
      <nuclide ao="0.0028677534011130024" name="Cr52"/>
      <nuclide ao="0.00032518021535016094" name="Cr53"/>
      <nuclide ao="8.094423842786346e-05" name="Cr54"/>
      <nuclide ao="1.0531044192924175e-06" name="W180"/>
      <nuclide ao="0.00023256055926040888" name="W182"/>
      <nuclide ao="0.00012558270200062078" name="W183"/>
      <nuclide ao="0.0002688926617259973" name="W184"/>
      <nuclide ao="0.0002494979886706953" name="W186"/>
      <nuclide ao="1.7551740321540297e-07" name="V50"/>
      <nuclide ao="7.003144388294579e-05" name="V51"/>
      <nuclide ao="7.240092882635371e-07" name="Ti46"/>
      <nuclide ao="6.52924739961299e-07" name="Ti47"/>
      <nuclide ao="6.4695714825197525e-06" name="Ti48"/>
      <nuclide ao="4.7477457569766497e-07" name="Ti49"/>
      <nuclide ao="4.5459007432789365e-07" name="Ti50"/>
      <nuclide ao="7.898283144693131e-05" name="Mn55"/>
      <nuclide ao="2.6231172445113735e-06" name="N14"/>
      <nuclide ao="9.643803719670314e-09" name="N15"/>
      <nuclide ao="1.7551740321540293e-06" name="P31"/>
      <nuclide ao="1.2510977913352704e-06" name="S32"/>
      <nuclide ao="9.855609346000503e-09" name="S33"/>
      <nuclide ao="5.523519515383489e-08" name="S34"/>
      <nuclide ao="1.9192828041604307e-10" name="S36"/>
      <nuclide ao="1.1948680706954663e-05" name="Ni58"/>
      <nuclide ao="4.602610416257833e-06" name="Ni60"/>
      <nuclide ao="2.0007228792523783e-07" name="Ni61"/>
      <nuclide ao="6.37918001986382e-07" name="Ni62"/>
      <nuclide ao="1.6245890841617696e-07" name="Ni64"/>
      <nuclide ao="6.427886099256094e-07" name="Mo92"/>
      <nuclide ao="4.031195958349767e-07" name="Mo94"/>
      <nuclide ao="6.964969353095227e-07" name="Mo95"/>
      <nuclide ao="7.316004159526034e-07" name="Mo96"/>
      <nuclide ao="4.2045193940249775e-07" name="Mo97"/>
      <nuclide ao="1.065917189727142e-06" name="Mo98"/>
      <nuclide ao="4.275603942327215e-07" name="Mo100"/>
      <nuclide ao="4.387935080385073e-06" name="Al27"/>
      <nuclide ao="4.387935080385073e-06" name="Nb93"/>
    </material>
    <material depletable="true" id="16" name="Full PbLi + TRISO Blanket Homogenized" temperature="900" volume="342000000.0">
      <density units="g/cm3" value="7.952285011922891"/>
      <nuclide ao="0.008461411472112507" name="Pb204"/>
      <nuclide ao="0.1456571546270796" name="Pb206"/>
      <nuclide ao="0.13356942395263316" name="Pb207"/>
      <nuclide ao="0.31669854367049666" name="Pb208"/>
      <nuclide ao="0.11302336673678351" name="Li6"/>
      <nuclide ao="0.010766646194294462" name="Li7"/>
      <nuclide ao="0.00033892415655855285" name="U235"/>
      <nuclide ao="0.0020819647488570917" name="U238"/>
      <nuclide ao="0.00362749546791841" name="O16"/>
      <nuclide ao="0.110615846025569" name="C12"/>
      <nuclide ao="0.0012391294179634527" name="C13"/>
      <nuclide ao="0.10206436017221482" name="Si28"/>
      <nuclide ao="0.0051825369987634085" name="Si29"/>
      <nuclide ao="0.0034163515491895313" name="Si30"/>
      <nuclide ao="1.4533758382787717e-10" name="He3"/>
      <nuclide ao="7.266864657635477e-05" name="He4"/>
      <nuclide ao="0.002262741922086479" name="Fe54"/>
      <nuclide ao="0.035520209122176696" name="Fe56"/>
      <nuclide ao="0.0008203165325750642" name="Fe57"/>
      <nuclide ao="0.0001091690713478849" name="Fe58"/>
      <nuclide ao="0.0001479563789617904" name="Cr50"/>
      <nuclide ao="0.0028531914929411863" name="Cr52"/>
      <nuclide ao="0.00032352901185637984" name="Cr53"/>
      <nuclide ao="8.053321892856946e-05" name="Cr54"/>
      <nuclide ao="1.0477569546732079e-06" name="W180"/>
      <nuclide ao="0.00023137966082366674" name="W182"/>
      <nuclide ao="0.00012494501684478005" name="W183"/>
      <nuclide ao="0.00026752727575989245" name="W184"/>
      <nuclide ao="0.0002482310851779942" name="W186"/>
      <nuclide ao="1.7462615911220136e-07" name="V50"/>
      <nuclide ao="6.967583748576834e-05" name="V51"/>
      <nuclide ao="7.203329063378305e-07" name="Ti46"/>
      <nuclide ao="6.496093118973889e-07" name="Ti47"/>
      <nuclide ao="6.436720224875741e-06" name="Ti48"/>
      <nuclide ao="4.723637603985046e-07" name="Ti49"/>
      <nuclide ao="4.522817521006015e-07" name="Ti50"/>
      <nuclide ao="7.858177160049059e-05" name="Mn55"/>
      <nuclide ao="2.6097975523705998e-06" name="N14"/>
      <nuclide ao="9.594834312419901e-09" name="N15"/>
      <nuclide ao="1.7462615911220134e-06" name="P31"/>
      <nuclide ao="1.2447449539036017e-06" name="S32"/>
      <nuclide ao="9.805564429928553e-09" name="S33"/>
      <nuclide ao="5.495472130299043e-08" name="S34"/>
      <nuclide ao="1.9095370498919212e-10" name="S36"/>
      <nuclide ao="1.1888007571265418e-05" name="Ni58"/>
      <nuclide ao="4.579239233015167e-06" name="Ni60"/>
      <nuclide ao="1.9905635877199833e-07" name="Ni61"/>
      <nuclide ao="6.346787752932958e-07" name="Ni62"/>
      <nuclide ao="1.6163397287425355e-07" name="Ni64"/>
      <nuclide ao="6.395246512086593e-07" name="Mo92"/>
      <nuclide ao="4.010726309409484e-07" name="Mo94"/>
      <nuclide ao="6.929602558969929e-07" name="Mo95"/>
      <nuclide ao="7.278854877194332e-07" name="Mo96"/>
      <nuclide ao="4.183169641532783e-07" name="Mo97"/>
      <nuclide ao="1.0605046642883987e-06" name="Mo98"/>
      <nuclide ao="4.253893235973224e-07" name="Mo100"/>
      <nuclide ao="4.3656539778050335e-06" name="Al27"/>
      <nuclide ao="4.3656539778050335e-06" name="Nb93"/>
    </material>
    <material depletable="true" id="18" name="Full PbLi + TRISO Blanket Homogenized" temperature="900" volume="342000000.0">
      <density units="g/cm3" value="7.935222709345781"/>
      <nuclide ao="0.008301710355083033" name="Pb204"/>
      <nuclide ao="0.14290801396964362" name="Pb206"/>
      <nuclide ao="0.1310484277480964" name="Pb207"/>
      <nuclide ao="0.31072115900453634" name="Pb208"/>
      <nuclide ao="0.11089015787703403" name="Li6"/>
      <nuclide ao="0.010563435958087774" name="Li7"/>
      <nuclide ao="0.0006710335507719503" name="U235"/>
      <nuclide ao="0.004122067344486399" name="U238"/>
      <nuclide ao="0.007182052731098022" name="O16"/>
      <nuclide ao="0.11528197943257568" name="C12"/>
      <nuclide ao="0.0012913998962042238" name="C13"/>
      <nuclide ao="0.10532315960541445" name="Si28"/>
      <nuclide ao="0.005348009535950823" name="Si29"/>
      <nuclide ao="0.0035254317851634237" name="Si30"/>
      <nuclide ao="1.4387642935653017e-10" name="He3"/>
      <nuclide ao="7.193807080183575e-05" name="He4"/>
      <nuclide ao="0.0022399933983400233" name="Fe54"/>
      <nuclide ao="0.03516310594889487" name="Fe56"/>
      <nuclide ao="0.0008120694629739112" name="Fe57"/>
      <nuclide ao="0.0001080715377813322" name="Fe58"/>
      <nuclide ao="0.0001464688963782051" name="Cr50"/>
      <nuclide ao="0.002824506871952458" name="Cr52"/>
      <nuclide ao="0.0003202764060965079" name="Cr53"/>
      <nuclide ao="7.972357650965595e-05" name="Cr54"/>
      <nuclide ao="1.037223307980562e-06" name="W180"/>
      <nuclide ao="0.00022905348051237412" name="W182"/>
      <nuclide ao="0.00012368887947668202" name="W183"/>
      <nuclide ao="0.00026483768463770354" name="W184"/>
      <nuclide ao="0.00024573548871572817" name="W186"/>
      <nuclide ao="1.7287055133009371e-07" name="V50"/>
      <nuclide ao="6.897534998070739e-05" name="V51"/>
      <nuclide ao="7.130910242366364e-07" name="Ti46"/>
      <nuclide ao="6.430784509479485e-07" name="Ti47"/>
      <nuclide ao="6.372008522027253e-06" name="Ti48"/>
      <nuclide ao="4.676148413479034e-07" name="Ti49"/>
      <nuclide ao="4.4773472794494264e-07" name="Ti50"/>
      <nuclide ao="7.779174809854214e-05" name="Mn55"/>
      <nuclide ao="2.583559897508573e-06" name="N14"/>
      <nuclide ao="9.498372442831997e-09" name="N15"/>
      <nuclide ao="1.7287055133009369e-06" name="P31"/>
      <nuclide ao="1.2322308841965064e-06" name="S32"/>
      <nuclide ao="9.706983980649589e-09" name="S33"/>
      <nuclide ao="5.4402232850666984e-08" name="S34"/>
      <nuclide ao="1.890339478794574e-10" name="S36"/>
      <nuclide ao="1.1768491235843654e-05" name="Ni58"/>
      <nuclide ao="4.5332017545841794e-06" name="Ni60"/>
      <nuclide ao="1.970551414611738e-07" name="Ni61"/>
      <nuclide ao="6.282980188092255e-07" name="Ni62"/>
      <nuclide ao="1.600089823111347e-07" name="Ni64"/>
      <nuclide ao="6.330951766086356e-07" name="Mo92"/>
      <nuclide ao="3.9704043876739265e-07" name="Mo94"/>
      <nuclide ao="6.859935653156442e-07" name="Mo95"/>
      <nuclide ao="7.20567675581663e-07" name="Mo96"/>
      <nuclide ao="4.1411140571123944e-07" name="Mo97"/>
      <nuclide ao="1.0498428582276589e-06" name="Mo98"/>
      <nuclide ao="4.2111266304010814e-07" name="Mo100"/>
      <nuclide ao="4.321763783252342e-06" name="Al27"/>
      <nuclide ao="4.321763783252342e-06" name="Nb93"/>
    </material>
    <material depletable="true" id="20" name="Full PbLi + TRISO Blanket Homogenized" temperature="900" volume="342000000.0">
      <density units="g/cm3" value="7.91816040676867"/>
      <nuclide ao="0.008145188393459526" name="Pb204"/>
      <nuclide ao="0.1402136002016961" name="Pb206"/>
      <nuclide ao="0.1285776167824682" name="Pb207"/>
      <nuclide ao="0.30486276558377085" name="Pb208"/>
      <nuclide ao="0.10879941460928964" name="Li6"/>
      <nuclide ao="0.010364271009309256" name="Li7"/>
      <nuclide ao="0.0009965316739083154" name="U235"/>
      <nuclide ao="0.006121557805922368" name="U238"/>
      <nuclide ao="0.01066584975070977" name="O16"/>
      <nuclide ao="0.11985522455225045" name="C12"/>
      <nuclide ao="0.0013426298308560542" name="C13"/>
      <nuclide ao="0.10851708641888712" name="Si28"/>
      <nuclide ao="0.005510188026603534" name="Si29"/>
      <nuclide ao="0.0036323405709412803" name="Si30"/>
      <nuclide ao="1.4244436195246826e-10" name="He3"/>
      <nuclide ao="7.12220385318722e-05" name="He4"/>
      <nuclide ao="0.0022176977273574783" name="Fe54"/>
      <nuclide ao="0.03481311159554458" name="Fe56"/>
      <nuclide ao="0.0008039865670266034" name="Fe57"/>
      <nuclide ao="0.00010699585271425302" name="Fe58"/>
      <nuclide ao="0.00014501102497320678" name="Cr50"/>
      <nuclide ao="0.0027963932730678993" name="Cr52"/>
      <nuclide ao="0.00031708854965947927" name="Cr53"/>
      <nuclide ao="7.893005156769483e-05" name="Cr54"/>
      <nuclide ao="1.0268993536210091e-06" name="W180"/>
      <nuclide ao="0.00022677360725797288" name="W182"/>
      <nuclide ao="0.00012245774791930534" name="W183"/>
      <nuclide ao="0.0002622016349578977" name="W184"/>
      <nuclide ao="0.00024328957186204412" name="W186"/>
      <nuclide ao="1.7114989227016825e-07" name="V50"/>
      <nuclide ao="6.828880701579713e-05" name="V51"/>
      <nuclide ao="7.059933056144439e-07" name="Ti46"/>
      <nuclide ao="6.366775992450258e-07" name="Ti47"/>
      <nuclide ao="6.3085850290784e-06" name="Ti48"/>
      <nuclide ao="4.629604585908051e-07" name="Ti49"/>
      <nuclide ao="4.4327822097973573e-07" name="Ti50"/>
      <nuclide ao="7.701745152157569e-05" name="Mn55"/>
      <nuclide ao="2.5578445532217384e-06" name="N14"/>
      <nuclide ao="9.403830830784392e-09" name="N15"/>
      <nuclide ao="1.7114989227016823e-06" name="P31"/>
      <nuclide ao="1.21996593092078e-06" name="S32"/>
      <nuclide ao="9.61036596328142e-09" name="S33"/>
      <nuclide ao="5.3860742735002734e-08" name="S34"/>
      <nuclide ao="1.871524071974289e-10" name="S36"/>
      <nuclide ao="1.1651354101087013e-05" name="Ni58"/>
      <nuclide ao="4.488080739989849e-06" name="Ni60"/>
      <nuclide ao="1.9509376219876477e-07" name="Ni61"/>
      <nuclide ao="6.220442834559264e-07" name="Ni62"/>
      <nuclide ao="1.584163402852677e-07" name="Ni64"/>
      <nuclide ao="6.267936929664236e-07" name="Mo92"/>
      <nuclide ao="3.9308851507150885e-07" name="Mo94"/>
      <nuclide ao="6.79165560001095e-07" name="Mo95"/>
      <nuclide ao="7.133955384551287e-07" name="Mo96"/>
      <nuclide ao="4.09989566933188e-07" name="Mo97"/>
      <nuclide ao="1.0393932957567315e-06" name="Mo98"/>
      <nuclide ao="4.169211375701297e-07" name="Mo100"/>
      <nuclide ao="4.278747306754205e-06" name="Al27"/>
      <nuclide ao="4.278747306754205e-06" name="Nb93"/>
    </material>
    <material depletable="true" id="22" name="Full PbLi + TRISO Blanket Homogenized" temperature="900" volume="342000000.0">
      <density units="g/cm3" value="7.901098104191557"/>
      <nuclide ao="0.007991751592088281" name="Pb204"/>
      <nuclide ao="0.1375722952638054" name="Pb206"/>
      <nuclide ao="0.12615550727510785" name="Pb207"/>
      <nuclide ao="0.29911984530387564" name="Pb208"/>
      <nuclide ao="0.1067498813925849" name="Li6"/>
      <nuclide ao="0.0101690317446791" name="Li7"/>
      <nuclide ao="0.0013156139953177531" name="U235"/>
      <nuclide ao="0.008081636874653986" name="U238"/>
      <nuclide ao="0.014080978629567528" name="O16"/>
      <nuclide ao="0.12433832772685426" name="C12"/>
      <nuclide ao="0.0013928499867108745" name="C13"/>
      <nuclide ao="0.11164805864150652" name="Si28"/>
      <nuclide ao="0.00566916986275522" name="Si29"/>
      <nuclide ao="0.003737142107786922" name="Si30"/>
      <nuclide ao="1.4104052162521877e-10" name="He3"/>
      <nuclide ao="7.052011977208778e-05" name="He4"/>
      <nuclide ao="0.0021958415200591308" name="Fe54"/>
      <nuclide ao="0.03447001588220795" name="Fe56"/>
      <nuclide ao="0.0007960629907622411" name="Fe57"/>
      <nuclide ao="0.0001059413701722284" name="Fe58"/>
      <nuclide ao="0.00014358188926040755" name="Cr50"/>
      <nuclide ao="0.0027688338134039788" name="Cr52"/>
      <nuclide ao="0.0003139635281618256" name="Cr53"/>
      <nuclide ao="7.815216757212057e-05" name="Cr54"/>
      <nuclide ao="1.0167788918148715e-06" name="W180"/>
      <nuclide ao="0.0002245386719424508" name="W182"/>
      <nuclide ao="0.00012125088284892344" name="W183"/>
      <nuclide ao="0.0002596175437100639" name="W184"/>
      <nuclide ao="0.00024089186578580665" name="W186"/>
      <nuclide ao="1.6946314863581196e-07" name="V50"/>
      <nuclide ao="6.761579630568897e-05" name="V51"/>
      <nuclide ao="6.990354881227243e-07" name="Ti46"/>
      <nuclide ao="6.304029129252203e-07" name="Ti47"/>
      <nuclide ao="6.246411658716028e-06" name="Ti48"/>
      <nuclide ao="4.583978170598713e-07" name="Ti49"/>
      <nuclide ao="4.3890955496675293e-07" name="Ti50"/>
      <nuclide ao="7.625841688611535e-05" name="Mn55"/>
      <nuclide ao="2.532636076835384e-06" name="N14"/>
      <nuclide ao="9.311152701794686e-09" name="N15"/>
      <nuclide ao="1.6946314863581193e-06" name="P31"/>
      <nuclide ao="1.2079427286808166e-06" name="S32"/>
      <nuclide ao="9.515652356410954e-09" name="S33"/>
      <nuclide ao="5.332992577832854e-08" name="S34"/>
      <nuclide ao="1.8530795303326032e-10" name="S36"/>
      <nuclide ao="1.1536525823365304e-05" name="Ni58"/>
      <nuclide ao="4.44384909299176e-06" name="Ni60"/>
      <nuclide ao="1.9317104312996204e-07" name="Ni61"/>
      <nuclide ao="6.159138137168585e-07" name="Ni62"/>
      <nuclide ao="1.5685509037730754e-07" name="Ni64"/>
      <nuclide ao="6.206164160915023e-07" name="Mo92"/>
      <nuclide ao="3.8921448662930106e-07" name="Mo94"/>
      <nuclide ao="6.724721395740607e-07" name="Mo95"/>
      <nuclide ao="7.063647693012231e-07" name="Mo96"/>
      <nuclide ao="4.059489725570875e-07" name="Mo97"/>
      <nuclide ao="1.0291497016652857e-06" name="Mo98"/>
      <nuclide ao="4.1281223007683784e-07" name="Mo100"/>
      <nuclide ao="4.236578715895298e-06" name="Al27"/>
      <nuclide ao="4.236578715895298e-06" name="Nb93"/>
    </material>
    <material depletable="true" id="24" name="Full PbLi + TRISO Blanket Homogenized" temperature="900" volume="342000000.0">
      <density units="g/cm3" value="7.8840358016144485"/>
      <nuclide ao="0.00784130962507764" name="Pb204"/>
      <nuclide ao="0.1349825442602651" name="Pb206"/>
      <nuclide ao="0.123780673367297" name="Pb207"/>
      <nuclide ao="0.293489017395763" name="Pb208"/>
      <nuclide ao="0.10474035169814945" name="Li6"/>
      <nuclide ao="0.009977603229836658" name="Li7"/>
      <nuclide ao="0.0016284683538690115" name="U235"/>
      <nuclide ao="0.010003458419166668" name="U238"/>
      <nuclide ao="0.017429449801663364" name="O16"/>
      <nuclide ao="0.12873392809046713" name="C12"/>
      <nuclide ao="0.0014420899276041941" name="C13"/>
      <nuclide ao="0.11471791942859937" name="Si28"/>
      <nuclide ao="0.005825048634574461" name="Si29"/>
      <nuclide ao="0.0038398980907577134" name="Si30"/>
      <nuclide ao="1.3966408195551206e-10" name="He3"/>
      <nuclide ao="6.983190131367409e-05" name="He4"/>
      <nuclide ao="0.0021744119100309584" name="Fe54"/>
      <nuclide ao="0.03413361683370069" name="Fe56"/>
      <nuclide ao="0.0007882940696930028" name="Fe57"/>
      <nuclide ao="0.00010490746939755865" name="Fe58"/>
      <nuclide ao="0.00014218064792953232" name="Cr50"/>
      <nuclide ao="0.0027418122691294784" name="Cr52"/>
      <nuclide ao="0.00031089950195132025" name="Cr53"/>
      <nuclide ao="7.738946659455557e-05" name="Cr54"/>
      <nuclide ao="1.0068559648015034e-06" name="W180"/>
      <nuclide ao="0.00022234735889366535" name="W182"/>
      <nuclide ao="0.00012006757380257928" name="W183"/>
      <nuclide ao="0.0002570838896793172" name="W184"/>
      <nuclide ao="0.00023854095899422285" name="W186"/>
      <nuclide ao="1.678093274669173e-07" name="V50"/>
      <nuclide ao="6.69559216593e-05" name="V51"/>
      <nuclide ao="6.922134758010336e-07" name="Ti46"/>
      <nuclide ao="6.242506981769321e-07" name="Ti47"/>
      <nuclide ao="6.1854518104305695e-06" name="Ti48"/>
      <nuclide ao="4.539242307980112e-07" name="Ti49"/>
      <nuclide ao="4.346261581393157e-07" name="Ti50"/>
      <nuclide ao="7.551419736011275e-05" name="Mn55"/>
      <nuclide ao="2.507919628506089e-06" name="N14"/>
      <nuclide ao="9.220283497669768e-09" name="N15"/>
      <nuclide ao="1.6780932746691726e-06" name="P31"/>
      <nuclide ao="1.1961541996018604e-06" name="S32"/>
      <nuclide ao="9.422787403590471e-09" name="S33"/>
      <nuclide ao="5.2809469496843256e-08" name="S34"/>
      <nuclide ao="1.8349949958507399e-10" name="S36"/>
      <nuclide ao="1.1423938805032578e-05" name="Ni58"/>
      <nuclide ao="4.400480775097718e-06" name="Ni60"/>
      <nuclide ao="1.91285852379539e-07" name="Ni61"/>
      <nuclide ao="6.099030006785107e-07" name="Ni62"/>
      <nuclide ao="1.553243135033786e-07" name="Ni64"/>
      <nuclide ao="6.145597095157177e-07" name="Mo92"/>
      <nuclide ao="3.854160728596422e-07" name="Mo94"/>
      <nuclide ao="6.659093637205944e-07" name="Mo95"/>
      <nuclide ao="6.994712292139778e-07" name="Mo96"/>
      <nuclide ao="4.0198724394700027e-07" name="Mo97"/>
      <nuclide ao="1.0191060457065885e-06" name="Mo98"/>
      <nuclide ao="4.0878352170941037e-07" name="Mo100"/>
      <nuclide ao="4.195233186672931e-06" name="Al27"/>
      <nuclide ao="4.195233186672931e-06" name="Nb93"/>
    </material>
  </materials>
  <geometry>
    <cell id="1" material="8" name="mix-1" region="1 -2 3 -4 5 -6" universe="1"/>
    <cell id="2" material="10" name="mix-2" region="7 -8 9 -10 11 -12" universe="1"/>
    <cell id="3" material="12" name="mix-3" region="13 -14 15 -16 17 -18" universe="1"/>
    <cell id="4" material="14" name="mix-4" region="19 -20 21 -22 23 -24" universe="1"/>
    <cell id="5" material="16" name="mix-5" region="25 -26 27 -28 29 -30" universe="1"/>
    <cell id="6" material="18" name="mix-6" region="31 -32 33 -34 35 -36" universe="1"/>
    <cell id="7" material="20" name="mix-7" region="37 -38 39 -40 41 -42" universe="1"/>
    <cell id="8" material="22" name="mix-8" region="43 -44 45 -46 47 -48" universe="1"/>
    <cell id="9" material="24" name="mix-9" region="49 -50 51 -52 53 -54" universe="1"/>
    <surface boundary="reflective" coeffs="-50" id="1" type="x-plane"/>
    <surface boundary="reflective" coeffs="50" id="2" type="x-plane"/>
    <surface boundary="reflective" coeffs="-50" id="3" type="y-plane"/>
    <surface boundary="reflective" coeffs="50" id="4" type="y-plane"/>
    <surface boundary="reflective" coeffs="-50" id="5" type="z-plane"/>
    <surface boundary="reflective" coeffs="50" id="6" type="z-plane"/>
    <surface boundary="reflective" coeffs="70" id="7" type="x-plane"/>
    <surface boundary="reflective" coeffs="170" id="8" type="x-plane"/>
    <surface boundary="reflective" coeffs="-50" id="9" type="y-plane"/>
    <surface boundary="reflective" coeffs="50" id="10" type="y-plane"/>
    <surface boundary="reflective" coeffs="-50" id="11" type="z-plane"/>
    <surface boundary="reflective" coeffs="50" id="12" type="z-plane"/>
    <surface boundary="reflective" coeffs="190" id="13" type="x-plane"/>
    <surface boundary="reflective" coeffs="290" id="14" type="x-plane"/>
    <surface boundary="reflective" coeffs="-50" id="15" type="y-plane"/>
    <surface boundary="reflective" coeffs="50" id="16" type="y-plane"/>
    <surface boundary="reflective" coeffs="-50" id="17" type="z-plane"/>
    <surface boundary="reflective" coeffs="50" id="18" type="z-plane"/>
    <surface boundary="reflective" coeffs="310" id="19" type="x-plane"/>
    <surface boundary="reflective" coeffs="410" id="20" type="x-plane"/>
    <surface boundary="reflective" coeffs="-50" id="21" type="y-plane"/>
    <surface boundary="reflective" coeffs="50" id="22" type="y-plane"/>
    <surface boundary="reflective" coeffs="-50" id="23" type="z-plane"/>
    <surface boundary="reflective" coeffs="50" id="24" type="z-plane"/>
    <surface boundary="reflective" coeffs="430" id="25" type="x-plane"/>
    <surface boundary="reflective" coeffs="530" id="26" type="x-plane"/>
    <surface boundary="reflective" coeffs="-50" id="27" type="y-plane"/>
    <surface boundary="reflective" coeffs="50" id="28" type="y-plane"/>
    <surface boundary="reflective" coeffs="-50" id="29" type="z-plane"/>
    <surface boundary="reflective" coeffs="50" id="30" type="z-plane"/>
    <surface boundary="reflective" coeffs="550" id="31" type="x-plane"/>
    <surface boundary="reflective" coeffs="650" id="32" type="x-plane"/>
    <surface boundary="reflective" coeffs="-50" id="33" type="y-plane"/>
    <surface boundary="reflective" coeffs="50" id="34" type="y-plane"/>
    <surface boundary="reflective" coeffs="-50" id="35" type="z-plane"/>
    <surface boundary="reflective" coeffs="50" id="36" type="z-plane"/>
    <surface boundary="reflective" coeffs="670" id="37" type="x-plane"/>
    <surface boundary="reflective" coeffs="770" id="38" type="x-plane"/>
    <surface boundary="reflective" coeffs="-50" id="39" type="y-plane"/>
    <surface boundary="reflective" coeffs="50" id="40" type="y-plane"/>
    <surface boundary="reflective" coeffs="-50" id="41" type="z-plane"/>
    <surface boundary="reflective" coeffs="50" id="42" type="z-plane"/>
    <surface boundary="reflective" coeffs="790" id="43" type="x-plane"/>
    <surface boundary="reflective" coeffs="890" id="44" type="x-plane"/>
    <surface boundary="reflective" coeffs="-50" id="45" type="y-plane"/>
    <surface boundary="reflective" coeffs="50" id="46" type="y-plane"/>
    <surface boundary="reflective" coeffs="-50" id="47" type="z-plane"/>
    <surface boundary="reflective" coeffs="50" id="48" type="z-plane"/>
    <surface boundary="reflective" coeffs="910" id="49" type="x-plane"/>
    <surface boundary="reflective" coeffs="1010" id="50" type="x-plane"/>
    <surface boundary="reflective" coeffs="-50" id="51" type="y-plane"/>
    <surface boundary="reflective" coeffs="50" id="52" type="y-plane"/>
    <surface boundary="reflective" coeffs="-50" id="53" type="z-plane"/>
    <surface boundary="reflective" coeffs="50" id="54" type="z-plane"/>
  </geometry>
  <settings>
    <run_mode>fixed source</run_mode>
    <particles>9000000</particles>
    <batches>100</batches>
    <source particle="neutron" strength="1.0" type="independent">
      <space type="point">
        <parameters>0 0 0</parameters>
      </space>
      <angle type="isotropic"/>
      <energy type="discrete">
        <parameters>14070000.0 1.0</parameters>
      </energy>
    </source>
    <source particle="neutron" strength="1.0" type="independent">
      <space type="point">
        <parameters>120 0 0</parameters>
      </space>
      <angle type="isotropic"/>
      <energy type="discrete">
        <parameters>14070000.0 1.0</parameters>
      </energy>
    </source>
    <source particle="neutron" strength="1.0" type="independent">
      <space type="point">
        <parameters>240 0 0</parameters>
      </space>
      <angle type="isotropic"/>
      <energy type="discrete">
        <parameters>14070000.0 1.0</parameters>
      </energy>
    </source>
    <source particle="neutron" strength="1.0" type="independent">
      <space type="point">
        <parameters>360 0 0</parameters>
      </space>
      <angle type="isotropic"/>
      <energy type="discrete">
        <parameters>14070000.0 1.0</parameters>
      </energy>
    </source>
    <source particle="neutron" strength="1.0" type="independent">
      <space type="point">
        <parameters>480 0 0</parameters>
      </space>
      <angle type="isotropic"/>
      <energy type="discrete">
        <parameters>14070000.0 1.0</parameters>
      </energy>
    </source>
    <source particle="neutron" strength="1.0" type="independent">
      <space type="point">
        <parameters>600 0 0</parameters>
      </space>
      <angle type="isotropic"/>
      <energy type="discrete">
        <parameters>14070000.0 1.0</parameters>
      </energy>
    </source>
    <source particle="neutron" strength="1.0" type="independent">
      <space type="point">
        <parameters>720 0 0</parameters>
      </space>
      <angle type="isotropic"/>
      <energy type="discrete">
        <parameters>14070000.0 1.0</parameters>
      </energy>
    </source>
    <source particle="neutron" strength="1.0" type="independent">
      <space type="point">
        <parameters>840 0 0</parameters>
      </space>
      <angle type="isotropic"/>
      <energy type="discrete">
        <parameters>14070000.0 1.0</parameters>
      </energy>
    </source>
    <source particle="neutron" strength="1.0" type="independent">
      <space type="point">
        <parameters>960 0 0</parameters>
      </space>
      <angle type="isotropic"/>
      <energy type="discrete">
        <parameters>14070000.0 1.0</parameters>
      </energy>
    </source>
  </settings>
  <tallies>
    <filter id="2" type="energy">
      <bins>9.999999999999999e-06 1.0232758232157321e-05 1.0470934103778344e-05 1.071465371488147e-05 1.0964046100566839e-05 1.121924329933277e-05 1.1480380422982328e-05 1.1747595728157017e-05 1.202103068953549e-05 1.2300830074736009e-05 1.2587142020962326e-05 1.2880118113433585e-05 1.3179913465639615e-05 1.3486686801464492e-05 1.3800600539221326e-05 1.412182087764318e-05 1.445051788387544e-05 1.47868655835163e-05 1.513104205275302e-05 1.5483229512642707e-05 1.5843614425587588e-05 1.621238759405579e-05 1.658974426159996e-05 1.697588421622717e-05 1.737101189617481e-05 1.7775336498148554e-05 1.8189072088079614e-05 1.8612437714459964e-05 1.9045657524315558e-05 1.9488960881878907e-05 1.9942582490023842e-05 2.040676251452679e-05 2.0881746711220392e-05 2.136778655610645e-05 2.1865139378497884e-05 2.2374068497259147e-05 2.2894843360218034e-05 2.3427739686822347e-05 2.3973039614117016e-05 2.453103184611895e-05 2.510201180666871e-05 2.5686281795839953e-05 2.6284151149989404e-05 2.689593640553214e-05 2.7521961466528883e-05 2.8162557776174002e-05 2.881806449227507e-05 2.9488828666816833e-05 3.017520542970468e-05 3.0877558176784886e-05 3.1596258762241215e-05 3.233168769546967e-05 3.308423434253569e-05 3.38542971323204e-05 3.464228376746516e-05 3.544861144022598e-05 3.6273707053351865e-05 3.711800744610494e-05 3.798195962554071e-05 3.886602100317187e-05 3.977065963714063e-05 4.0696354480027774e-05 4.164359563242967e-05 4.2612884602437536e-05 4.360473457115627e-05 4.461967066440343e-05 4.5658230230732274e-05 4.6720963125926e-05 4.780843200411379e-05 4.89212126156629e-05 5.0059894112004314e-05 5.12250793575536e-05 5.2417385248891866e-05 5.3637443041376e-05 5.4885898683351085e-05 5.616341315814136e-05 5.7470662834002377e-05 5.880833982221757e-05 6.017715234353021e-05 6.15778251031044e-05 6.301109967421353e-05 6.44777348908594e-05 6.59785072495299e-05 6.751421132030786e-05 6.908566016754893e-05 7.069368578035095e-05 7.233913951304291e-05 7.402289253592668e-05 7.574583629651006e-05 7.750888299147542e-05 7.931296604963387e-05 8.115904062612051e-05 8.304808410809252e-05 8.498109663219775e-05 8.695910161408782e-05 8.898314629025622e-05 9.105430227248787e-05 9.317366611521413e-05 9.534235989607371e-05 9.756153180998544e-05 9.983235677705068e-05 0.00010215603706460322 0.00010453380292373871 0.00010696691324065983 0.00010945665620318199 0.00011200434998275243 0.00011461134343234398 0.00011727901680059278 0.00012000878246255827 0.00012280208566749204 0.00012566040530401177 0.0001285852546830852 0.0001315781823392386 0.0001346407728504141 0.00013777464767690987 0.00014098146601984756 0.0001442629256996203 0.00014762076405478895 0.00015105675886189953 0.0001545727292767106 0.00015817053679732852 0.0001618520862497608 0.00016561932679640766 0.00016947425296802942 0.00017341890571973153 0.00017745537351152973 0.00018158579341406581 0.00018581235224006008 0.00019013728770209907 0.00019456288959737193 0.0001990915010199824 0.00020372551960147828 0.00020846739878025545 0.00021331964910050822 0.00021828483954141367 0.00022336559887725408 0.00022856461706919742 0.0002338846466894716 0.00023932850437868972 0.0002448990723370937 0.0002505992998505087 0.0002564322048518154 0.0002624008755187669 0.0002685084719089951 0.00027475822763307526 0.0002811534515665306 0.0002876975296016861 0.0002943939264402978 0.0003012461874279074 0.0003082579404308927 0.0003154328977572079 0.00032277485812183077 0.00033028770865795753 0.00033797542697500946 0.0003458420832645413 0.00035389184245516737 0.0003621289664176436 0.0003705578162212765 0.00037918285444285104 0.00038800864752929956 0.00039703986821536686 0.00040628129799754535 0.0004157378296655944 0.0004254144698929834 0.00043531634188762687 0.0004454486881043225 0.0004558168730203186 0.00046642638597548734 0.00047728284407860566 0.0004883919951812812 0.0004997597209210994 0.0005113920398356025 0.0005232951105487487 0.0005354752350315384 0.0005479388619385351 0.0005606925900220459 0.0005737431716257701 0.0005870975162597649 0.0006007626942586227 0.000614745940524794 0.0006290546583590381 0.0006436964233800359 0.0006586789875352287 0.0006740102832050161 0.0006896984274024817 0.0007057517260708711 0.0007221786784810945 0.0007389879817315915 0.0007561885353529268 0.0007737894460195649 0.0007918000323713156 0.0008102298299470014 0.0008290885962329605 0.0008483863158290586 0.000868133205734942 0.0008883397207593354 0.0009090165590552425 0.0009301746677839855 0.000951825248911078 0.0009739797651370025 0.0009966499459660328 0.0010198477939163072 0.0010435855908744575 0.0010678759045981369 0.0010927315953699031 0.001118165822805978 0.0011441920528234837 0.0011708240647698488 0.001198075958718158 0.0012259621629323006 0.0012544974415058896 0.0012836969021789689 0.0013135760043366696 0.001344150567194038 0.0013754367781713725 0.0014074512014645056 0.0014402107868145633 0.0014737328784818495 0.001508035224428605 0.001543135985715504 0.0015790537461168527 0.001615807521959608 0.0016534167721913903 0.0016919014086828436 0.0017312818067697936 0.0017715788160407807 0.0018128137713756822 0.0018550085042412672 0.0018981853542496669 0.001942367180985874 0.0019875773761105432 0.0020338398757444812 0.0020811791731414164 0.0021296203316557194 0.002179188998011967 0.0022299114158833623 0.002281814439786206 0.002334925549297775 0.0023892728636051262 0.0024448851563925456 0.002501791871075506 0.002560023136389218 0.0026196097823399976 0.0026805833565279463 0.0027429761408495246 0.0028068211685889095 0.0028721522419071594 0.0029390039497384597 0.0030074116861029104 0.0030774116688455687 0.0031490409588116495 0.003222337479468053 0.003297340036981579 0.003374088340764518 0.003452623024498416 0.0035329856676472077 0.00361521881747108 0.003699366011552725 0.0037854718008479143 0.0038735817732725897 0.003963742577838965 0.004056001949353415 0.004150408733689235 0.004247012913647616 0.00434586563542061 0.004447019235669985 0.004550527269236401 0.004656444537493515 0.004764827117362076 0.004875732390999323 0.0049892190761794426 0.005105347257381153 0.0052241784175988855 0.0053457754708943605 0.005470202795705896 0.00559752626893295 0.00572781330081405 0.005861132870616517 0.005997555563156904 0.006137153606171475 0.006280000908556516 0.006426173099498714 0.006575747568516341 0.0067288035064324144 0.006885421947301534 0.007045685811312647 0.007209679948690353 0.0073774911846180785 0.007549208365206872 0.007724922404534153 0.00790472633277734 0.008088715345467807 0.008276986853891296 0.008469640536661409 0.008666778392493548 0.008868504794207154 0.009074926543984993 0.009286152929918544 0.009502295783869581 0.009723469540678526 0.009949791298750918 0.010181380882054074 0.0104183609035568 0.010660856830145683 0.010908997049052386 0.011162912935827085 0.011422738923894005 0.011688612575726025 0.011960674655675808 0.012239069204502205 0.01252394361563131 0.012815448713192543 0.013113738831871096 0.013418971898619009 0.013731309516268143 0.014050917049089316 0.014377963710342835 0.014712622651866989 0.015055071055751622 0.015405490228145583 0.01576406569524759 0.01613098730153136 0.016506449310257024 0.016890650506322012 0.01728379430150588 0.01768608884216481 0.01809774711943279 0.018518987081987733 0.018950031751442508 0.019391109340421594 0.019842453373386183 0.020304302810271527 0.020776902173002102 0.02126050167495146 0.021755357353415408 0.022261731205168583 0.022779891325176257 0.023310112048534653 0.023852674095715252 0.024407864721189595 0.02497597786551351 0.025557314310951245 0.026152181840721846 0.02676089540195217 0.02738377727242271 0.028021157231194603 0.028673372733208125 0.029340769087945102 0.030023699642249733 0.03072252596740498 0.03143761805056304 0.03216935449063166 0.03291812269871982 0.033684319103249 0.034468349359838536 0.03527062856607623 0.03609158148128797 0.036931642751422626 0.03779125713917136 0.038670879759442986 0.03957097632032062 0.040492023369626325 0.04143450854722504 0.042398930843200996 0.0433858008620434 0.044395641092981275 0.045428986186610607 0.046486383237960095 0.047568392076145626 0.048675585560766677 0.04980854988520133 0.05096788488696125 0.05215420436526995 0.05336813640603314 0.05461032371437305 0.055881423954902705 0.0571821100999204 0.05851307078570868 0.05987501067712646 0.061268650840687396 0.06269472912632165 0.06415400055802413 0.06564723773359468 0.06717523123368298 0.06873879004035412 0.07033874196539673 0.0719759340886003 0.07365123320623375 0.07536552628996271 0.0771197209564485 0.07891474594787748 0.08075155162367469 0.08263111046366341 0.08455441758293528 0.08652249125870487 0.08853637346942722 0.09059713044646366 0.09270585323858817 0.09486365828963315 0.09707168802958029 0.09933111147940961 0.10164312487002652 0.10400895227559585 0.10642984626161615 0.10890708854807908 0.11144199068806426 0.11403589476212891 0.11669017408886007 0.11940623395196538 0.12218551234428769 0.125029480729137 0.12793964481934317 0.13091754537444178 0.13396475901641489 0.13708289906441912 0.1402736163889426 0.14353860028584334 0.1468795793707303 0.1502983224941645 0.15379663967815976 0.1573763830744823 0.16103944794525527 0.16478777366638814 0.16862334475436108 0.17254819191690904 0.17656439312816125 0.18067407472880537 0.18487941255185902 0.18918263307464453 0.19358601459757666 0.19809188845038803 0.20270264022642978 0.20742071104570234 0.21224859884728356 0.2171888597118398 0.22224410921491902 0.22741702381174336 0.23271034225423345 0.23812686704101602 0.24366946590117886 0.24934107331256658 0.2551446920554108 0.26108339480212495 0.2671603257441024 0.27337870225637956 0.27974181660104536 0.2862530376702991 0.2929158127700793 0.29973366944520813 0.3067102173470175 0.3138491501444455 0.32115424747961535 0.3286293769689324 0.33627849625075745 0.34410565508074237 0.35211499747593544 0.3603107639087933 0.3686972935522598 0.3772790265771011 0.386060506502714 0.3950463826026472 0.40424141236612093 0.41365046401683264 0.42327851909039405 0.43313067507175895 0.44321214809403997 0.4535282757001417 0.4640845196686741 0.4748864689056401 0.4859398424034311 0.4972504922686941 0.508824406820676 0.5206677137616839 0.5327866834213403 0.5451877320763516 0.5578774253475468 0.5708624816759841 0.5841497758799684 0.5977463427948602 0.6116593809976038 0.6258962566179482 0.6404645072383773 0.6553718458848089 0.6706261651101918 0.686235541173141 0.7022082383138394 0.718552713129463 0.7352776190514491 0.752391810926975 0.769904349707076 0.7878245072438811 0.8061617711995109 0.8249258500692324 0.8441266783215314 0.8637744216578266 0.8838794823946055 0.9044525049708352 0.9255043815835624 0.947046257954687 0.969089539231961 0.9916458960273394 1.014727270595878 1.0383458831584522 1.0625142383716317 1.0872451319481682 1.112551657431559 1.1384472131283059 1.1649455092015233 1.1920605749296591 1.2198067661341658 1.2481987727800588 1.2772516267533813 1.3069807098196993 1.3374017617678349 1.3685308887431518 1.400384571774806 1.4329796755014752 1.466333457100185 1.5004635754229623 1.5353881003461525 1.5711255223373484 1.6076947622449973 1.6451151813158704 1.6834065914456993 1.7225892656683877 1.762683948889403 1.8037118688689615 1.8456947474608734 1.888654812112978 1.9326148076352616 1.9775980082418863 2.023628229873508 2.070729842806409 2.118927784555112 2.16824757307532 2.2187153202741614 2.2703577458348994 2.323202191363421 2.377276634863997 2.4326097055519824 2.4892306990112845 2.5471695927046447 2.6064570618449268 2.667124495635826 2.7292040138906 2.792728484037584 2.8577315385215827 2.924247592610233 2.9923118626148595 3.0619603845354213 3.133230033139443 3.2061585414850193 3.2807845208982345 3.357147481415572 3.4352878527021415 3.515247005456789 3.597067273315433 3.680791975264219 3.7664654385743543 3.8541330222707764 3.9438411411470664 4.035637290339337 4.1295700704720915 4.225689213389379 4.324045608484856 4.424691329644713 4.527679662817715 4.633065134226927 4.740903539238165 4.851251971900312 4.964168855173235 5.079713971859291 5.197948496254773 5.31893502653808 5.442737617911746 5.569421816515875 5.699054694130941 5.831704883688321 5.967442615607372 6.106339754978276 6.2484698396103475 6.393908118965952 6.542731594000639 6.695019057930583 6.850851137948933 7.01031033791313 7.173481082025815 7.340449759532462 7.511304770459304 7.686136572416 7.865037728487529 8.048102956240868 8.235429177872343 8.427115571522181 8.623263623783476 8.823977183433314 9.029362516414562 9.239528362097387 9.454585990850308 9.674649262951279 9.899834688869946 10.130261490953055 10.36605166654562 10.60733005258128 10.854224391676086 11.106865399760625 11.365386835286387 11.629925570042923 11.900621661623365 12.177618427576649 12.461062521285564 12.751104009611193 13.047896452344316 13.351596983506262 13.662366394542058 13.980369219449978 14.30577382189256 14.63875248433518 14.979481499259427 15.32814126249952 15.684916368751228 16.049995709303825 16.42357257204684 16.805844743804553 17.19701461505239 17.59728928707071 18.006880681592666 18.4260056530042 18.854886103155607 19.29374909884542 19.742826992038882 20.202357542884364 20.672584045593553 21.153755457251155 21.64612652962296 22.149957944031836 22.665516449373023 23.1930750033419 23.7329129169489 24.285316002398172 24.850576724408185 25.4289943550545 26.0208751322166 26.626532421712714 27.24628688320846 27.88046663998714 28.5294074526716 29.193452896989577 29.87295454567671 30.568272154613485 31.279773853294657 32.007836339732094 32.75284507989378 33.51519451178565 34.29528825428285 35.09353932082212 35.91037033806792 36.74621376966826 37.601512145218564 38.47671829455488 39.37229558750047 40.28871817919268 41.22647126112002 42.18605131800231 43.167966390649944 44.17273634494138 45.20089314706138 46.25298114514558 47.32955735748058 48.43119176741216 49.558467625117665 50.711981756402494 51.89234487868406 53.100181924330116 54.33613237152404 55.600850582830255 56.89500615164055 58.21928425668413 59.57438602478917 60.961028902087946 62.37994703386209 63.831891653229 65.31763147887533 66.83795312204798 68.39366150301815 69.98558027723904 71.61455227142248 73.28143992976592 74.98712577056546 76.73251285345701 78.51852525753297 80.3461085705873 82.21623038974832 84.129880833764 86.0880730672115 88.09184383690695 90.14225402080268 92.2403891896585 94.38736018178733 96.58430369117825 98.8323828693087 101.13278794096429 103.4867368343923 105.89547582612262 108.36028020079729 110.88245492635825 113.46333534495055 116.10428787990696 118.80671075918815 121.57203475566165 124.40172394461126 127.29727647887836 130.26022538204492 133.2921393600788 136.39462363187076 139.56932077910278 142.817911615897 146.14211607870868 149.5436941369297 153.0244467246884 156.58621669433748 160.23088979213523 163.96039565663642 167.7767088403218 171.6818498550065 175.6778862415815 179.76693366465406 183.9511570326668 188.23277164408856 192.61404436028363 197.0972948056808 201.68489659587686 206.3792785943257 211.18292619827758 216.0983826546497 221.12825040652498 226.2751924709914 231.54193384905247 236.93126296835175 242.44603315948325 248.08916416665895 253.86364369354084 259.7725289850533 265.8189484460131 272.0061032974343 278.3372692713856 284.815798345296 291.4451205166287 298.2287456188615 305.17026517973574 312.27335432275737 319.5417737129576 326.97937154794187 334.59008559528297 342.37794527733547 350.3470738045763 358.50169035860074 366.8461123259287 375.3847575838064 384.1221468392076 393.0629060222845 402.2117687355211 411.57357875989607 421.1532926193776 430.95598220510976 440.98683746067815 451.2511691298777 461.7544115684372 472.5021256211886 483.50000156620507 494.7538621274663 506.2696655576459 518.0535087926535 530.111630679601 542.4504152799029 555.0763952492586 567.9962552963061 581.2168357217809 594.7451360400482 608.5883186849343 622.7537128018045 637.2488181279201 652.0813089630998 667.2590382328082 682.7900416458145 698.6825419486249 714.9449532789395 731.58588562044 748.6141493612662 766.0387599585947 783.8689427117897 802.1141376466522 820.7840045133552 839.8884279007087 859.4375224694649 879.4416383074309 899.9113664092285 920.8575442835978 942.291261691216 964.2238665160701 986.6669707734899 1009.6324567580156 1033.1324833343806 1057.1794923749019 1081.7862153467177 1106.9656800523437 1132.731217527125 1159.0964690972273 1186.0753936019137 1213.682274783922 1241.93172885186 1270.8387122186248 1300.4185294199342 1330.686841217175 1361.659672888847 1393.3534227149994 1425.7848706591492 1458.971187252277 1492.929942683608 1527.6791161029848 1563.2371051397638 1599.6227356432698 1636.8552716499685 1674.9544255826324 1713.940368686902 1753.8337417107653 1794.6556658326112 1836.4277538436431 1879.1721215905718 1922.9113996846463 1967.6687454832224 2013.4678553502113 2060.3329772019106 2108.2889233448054 2157.3610836122657 2207.575438806925 2258.958574455987 2311.5376948866874 2365.340637629371 2420.395888155819 2476.7325949606193 2534.3805849935643 2593.3703794512585 2653.733209936282 2715.5010349924764 2778.7065570250993 2843.3832396148114 2909.5653252346615 2977.287853379448 3046.5866791170547 3117.498492071588 3190.060835848358 3264.3121279109946 3340.2916799212217 3418.039718552049 3497.5974067854177 3579.006865705558 3662.3111967996124 3747.5545047773167 3834.781920921834 3924.0396269840967 4015.374879633306 4108.836035476543 4204.472576660725 4302.335137070474 4402.475529135759 4504.94677126351 4609.803115907723 4717.100078292922 4826.894465806185 4939.244408073286 5054.209387734893 5171.8502719391045 5292.229344566996 5415.410339208247 5541.458472904329 5670.440480676972 5802.42465086054 5937.480861256577 6075.680616129977 6217.09708406627 6361.805136710041 6509.8813884050405 6661.404236756941 6816.453904140225 6975.11248017118 7137.4639651694915 7303.594314631436 7473.591484738224 7647.545478923592 7825.548395525289 8007.694476545693 8194.080157547365 8384.804118709977 8579.967337075614 8779.673140010142 8984.02725990893 9193.137890175889 9407.115742505472 9626.07410549796 9850.128904639068 10079.398763675621 10314.005067419803 10554.072026015232 10799.726740698869 11051.09927109359 11308.322704067072 11571.533224193387 11840.870185854683 12116.476187021071 12398.497144747802 12687.082372429712 12982.384658853818 13284.560349091933 13593.769427276122 13910.175601300827 14233.946389496496 14565.253209320625 14904.27146811321 15251.180655964292 15606.164440743712 15969.410765342109 16341.111947175621 16721.46478000657 17110.670638134095 17508.935583009923 17916.470472335706 18333.49107169968 18760.218168811763 19196.877690397592 19643.70082181332 20100.92412944458 20568.789685954376 21047.545198446227 21537.444139610394 22038.74588192267 22551.715834966748 23076.625585952865 23613.753043507142 24163.382584807776 24725.805206145862 25301.318676990744 25890.227697641283 26492.844060546635 27109.486815381875 27740.48243796593 28386.165003111146 29046.876361496164 29722.966320655578 30414.79283018232 31122.722171240763 31847.12915049091 32588.397298526328 33346.91907293087 34123.096066061735 34917.339217668836 35730.06903246305 36561.715802748564 37412.71983623718 38283.53168916515 39174.61240483604 40086.433757716004 41019.47850320976 41974.24063325199 42951.22563784617 43950.9507726917 44973.94533304022 46020.750933926065 47091.92179691937 48188.02504355355 49309.64099558258 50457.36348222698 51631.80015457123 52833.57280727905 54063.31770779679 55321.68593321943 56609.3437149973 57926.9727916662 59275.27076978755 60654.95149328979 62066.745421406406 63511.400015410916 64989.68013435327 66502.36844000746 68050.26581124456 69634.19176805067 71254.98490541421 72913.5033373123 74610.62515103127 76347.24887206194 78124.29393981556 79942.70119441261 81803.43337480185 83707.47562847366 85655.83603303724 87649.54612993795 89689.66147059755 91777.26217526605 93913.45350488144 96099.36644623995 98336.15831078649 100625.01334734261 102967.14336909604 105363.7883951845 107816.21730721064 110325.72852104223 112893.65067424487 115521.34332951721 118210.19769449896 120961.63735833287 123777.11904537093 126658.13338642362 129606.20570796065 132622.89683968097 135709.80394087965 138868.56134604925 142100.84143016295 145408.3554940982 148792.85467066918 152256.13085174782 155800.01763696448 159426.39130449042 163137.17180441588 166934.32377525 170819.8575840805 174795.83039094412 178864.34723797083 183027.56216387916 187287.67934441206 191646.9542593173 196107.6948864907 200672.2629239134 205343.07504003134 210122.60415323795 215013.38074113798 220017.99418028563 225139.09411710594 230379.39187072578 235741.6618684567 241228.7431146898 246843.54069398058 252589.02730911906 258468.24485499988 264484.3060291254 270640.39597959496 276939.7739914518 283385.7752122828 289981.8124179771 296731.3778195955 303638.04491228506 310705.47036723397 317937.3959676626 325337.65058987617 332910.1522304278 340658.9100804657 348588.02664836263 356701.69993175083 365004.2256401134 373499.99946910795 382193.5194278269 391089.38822022756 400192.3156819904 409507.1212740989 419038.73663445824 428792.2081889056 438772.699822994 448985.49561596353 459436.0026383486 470129.7538147015 481072.41085294815 492269.76724192745 503727.7513187002 515452.4294072526 527450.0090302555 539726.84219558 552289.4287593097 565144.4198670291 578298.6214752116 591758.9979545702 605532.6757772797 619626.9472900209 634049.2745748472 648807.2933999146 663908.8172621686 679361.8415241288 695174.5476469586 711355.3075220658 727912.6879035223 744855.4549436561 762192.5788341984 779933.2385554862 798086.8267361772 816662.9546260932 835671.4571848075 855122.3982886744 875026.0760590546 895393.0283145609 916234.0381502097 937560.1396464304 959382.6237109579 981713.0440566995 1004563.2233187415 1027945.2593137346 1051871.531444971 1076354.7072565458 1101407.7491400703 1127043.921197492 1153276.7962636503 1180120.263092289 1207588.5337093286 1235696.150937292 1264457.9960948692 1293889.2968756924 1324005.635410499 1354822.956516947 1386357.576141451 1418626.1899975103 1451645.8824051002 1485434.1353358068 1520008.837668497 1555388.2946604195 1591591.2376387545 1628636.8339177426 1666544.6969466417 1705334.8966938877 1745027.9702729536 1785644.9328155348 1827207.288597817 1869737.0424257172 1913256.711285124 1957789.33626331 2003358.4947478285 2049988.3129093142 2097703.4784749085 2146529.253798917 2196491.489237738 2247616.6368360957 2299931.7643318316 2353464.569486666 2408243.394750527 2464297.242267195 2521655.7892292226 2580349.4035902494 2640409.160143036 2701866.8569717254 2764755.032287045 2829106.9816533644 2894956.7756167217 2962339.2777431626 3031290.163076932 3101845.9370282986 3174043.9547010064 3247922.4406695906 3323520.5092170252 3400878.185043421 3480036.424456732 3561037.1370566953 3643923.207923484 3728738.520322815 3815527.9789395393 3904337.533652016 3995214.203859848 4088206.103377872 4183362.465909573 4280733.671113414 4380371.271275882 4482328.018605371 4586657.893161353 4693416.131433619 4802659.255586733 4914445.10338517 5028832.858814984 5145883.083418227 5265657.748356696 5388220.267222019 5513635.529609304 5641969.93547247 5773291.4302790025 5907669.540983079 6045175.412835967 6185881.847053227 6329863.339358645 6477196.1194253005 6627958.191234671 6782229.374375112 6940091.346301613 7101627.685579163 7266923.916132653 7436067.552526733 7609148.146299587 7786257.333375173 7967488.882579011 8152938.745283232 8342705.106207138 8536888.435400201 8735591.541435005 8938919.62583829 9146980.338788942 9359883.83611237 9577742.837601513 9800672.68669527 10028791.411546044 10262219.787508642 10501081.401083684 10745502.71534932 10995613.136915961 11251545.084439399 11513434.05872865 11781418.714485608 12055640.933714494 12336245.900839977 12623382.17957373 12917201.791570112 13217860.296912637 13525516.87647382 13840334.416192027 14162479.593309926 14492122.964620281 14829439.056765435 15174606.458639182 15527807.915938776 15889230.427918013 16259065.346392265 16637508.47704793 17024760.183109943 17421025.491422243 17826514.200997353 18241440.994092505 18666025.549871214 19100492.660710357 19545072.35121444 20000000.000000004</bins>
    </filter>
    <filter id="1" type="cell">
      <bins>1 2 3 4 5 6 7 8 9</bins>
    </filter>
    <tally id="1" name="flux">
      <filters>2 1</filters>
      <scores>flux</scores>
    </tally>
    <tally id="2" name="uranium rxn rates">
      <filters>2 1</filters>
      <nuclides>U238 U235</nuclides>
      <scores>(n,gamma) fission elastic</scores>
    </tally>
    <tally id="3" name="lithium rxn rates">
      <filters>2 1</filters>
      <nuclides>Li6 Li7</nuclides>
      <scores>(n,gamma) (n,Xt) elastic</scores>
    </tally>
    <tally id="4" name="lead rxn rates">
      <filters>2 1</filters>
      <nuclides>Pb204 Pb206 Pb207 Pb208</nuclides>
      <scores>(n,gamma) (n,2n) elastic</scores>
    </tally>
  </tallies>
</model>
